collection_frequency,hourly_collection_plan_id,provider,site,siteHierarchy_customer,siteHierarchy_customerSiteCode,siteHierarchy_priority,requests_count,enrichment_request_count,timeBox_startTime_date,timeBox_startTime_time,timeBox_endTime_date,timeBox_endTime_time,ownerSequence,customerCollection_id,customerCollection_customer,customerCollection_name,customerCollection_frequency,customerCollection_earliestStartTime,customerCollection_expectedDeliveryTime,customerCollection_hints,customerCollection_status,customerCollection_customerPackagingId,input_filename,input_reference,inputRequest_exists,timebox_startTime_date,timebox_startTime_time,timebox_endTime_date,timebox_endTime_time,row_count
adhoc,438,SP,B6_API,*,B6,1,1,0,20250508,0,20250508,0,1,101,AA,Dom_Mutli_Daily,adhoc,0,1100,,active,1,AA_M5.csv,31035,1,20250508,500,20250508,1500,2304
adhoc,580,Ingest-Southwest,WN,*,WN,1,1,0,20250508,0,20250508,0,1,101,AA,Dom_Mutli_Daily,adhoc,0,1100,,active,1,AA_M5.csv,31035,1,20250508,500,20250508,1500,2304
chnl,484,UA,UA,*,UA,1,1,0,20250508,500,20250508,1000,1,34,AA,TATL_ChannelCompare,daily,0,600,Channel Comparison,active,1,AA_A2.csv,11580,1,20250508,500,20250508,1000,336
chnl,485,UA,UA,*,UA,1,1,0,20250508,500,20250508,1000,1,34,AA,TATL_ChannelCompare,daily,0,600,Channel Comparison,active,1,AA_A2.csv,11580,1,20250508,500,20250508,1000,336
chnl,486,UA,UA,*,UA,1,1,0,20250508,500,20250508,1000,1,34,AA,TATL_ChannelCompare,daily,0,600,Channel Comparison,active,1,AA_A2.csv,11580,1,20250508,500,20250508,1000,336
chnl,487,UA,UA,*,UA,1,1,0,20250508,500,20250508,1000,1,34,AA,TATL_ChannelCompare,daily,0,600,Channel Comparison,active,1,AA_A2.csv,11580,1,20250508,500,20250508,1000,492
chnl,488,UA,UA,*,UA,1,1,0,20250508,500,20250508,1000,1,34,AA,TATL_ChannelCompare,daily,0,600,Channel Comparison,active,1,AA_A2.csv,11580,1,20250508,500,20250508,1000,492
chnl,494,UA,UA,*,UA,1,1,0,20250509,500,20250509,1000,1,34,AA,TATL_ChannelCompare,daily,0,600,Channel Comparison,active,1,AA_A2.csv,11580,1,20250509,500,20250509,1000,336
chnl,495,UA,UA,*,UA,1,1,0,20250509,500,20250509,1000,1,34,AA,TATL_ChannelCompare,daily,0,600,Channel Comparison,active,1,AA_A2.csv,11580,1,20250509,500,20250509,1000,336
chnl,496,UA,UA,*,UA,1,1,0,20250509,500,20250509,1000,1,34,AA,TATL_ChannelCompare,daily,0,600,Channel Comparison,active,1,AA_A2.csv,11580,1,20250509,500,20250509,1000,336
chnl,497,UA,UA,*,UA,1,1,0,20250509,500,20250509,1000,1,34,AA,TATL_ChannelCompare,daily,0,600,Channel Comparison,active,1,AA_A2.csv,11580,1,20250509,500,20250509,1000,492
chnl,498,UA,UA,*,UA,1,1,0,20250509,500,20250509,1000,1,34,AA,TATL_ChannelCompare,daily,0,600,Channel Comparison,active,1,AA_A2.csv,11580,1,20250509,500,20250509,1000,492
daily,428,AaPts,Awards,*,AA_PTS,1,1,0,20250508,500,20250508,500,1,32,AA,Miles_Evening,daily,0,2359,,active,1,AA_M2.csv,32385,1,20250508,500,20250508,500,28091
daily,428,AaPts,Awards,*,BA_PTS,1,1,0,20250508,500,20250508,500,1,32,AA,Miles_Evening,daily,0,2359,,active,1,AA_M2.csv,32385,1,20250508,500,20250508,500,520
daily,429,AaPts,Awards,*,AA_PTS,1,1,0,20250509,500,20250509,500,1,32,AA,Miles_Evening,daily,0,2359,,active,1,AA_M2.csv,32385,1,20250509,500,20250509,500,28091
daily,429,AaPts,Awards,*,BA_PTS,1,1,0,20250509,500,20250509,500,1,32,AA,Miles_Evening,daily,0,2359,,active,1,AA_M2.csv,32385,1,20250509,500,20250509,500,520
daily,430,QL2,A3,*,A3,1,1,0,20250507,2200,20250508,300,1,45,SK,all,daily,0,630,,active,1,Mastersubscriptions2May2025.csv,33961,1,20250507,2200,20250508,300,432
daily,431,QL2,A3,*,A3,1,1,0,20250507,2200,20250508,300,1,45,SK,all,daily,0,630,,active,1,Mastersubscriptions2May2025.csv,33961,1,20250507,2200,20250508,300,472
daily,432,QL2,A3,*,A3,1,1,0,20250507,2200,20250508,300,1,45,SK,all,daily,0,630,,active,1,Mastersubscriptions2May2025.csv,33961,1,20250507,2200,20250508,300,472
daily,433,QL2,A3,*,A3,1,1,0,20250507,2200,20250508,300,1,45,SK,all,daily,0,630,,active,1,Mastersubscriptions2May2025.csv,33961,1,20250507,2200,20250508,300,472
daily,434,QL2,A3,*,A3,1,1,0,20250508,2200,20250509,300,1,45,SK,all,daily,0,630,,active,1,Mastersubscriptions2May2025.csv,33961,1,20250508,2200,20250509,300,426
daily,435,QL2,A3,*,A3,1,1,0,20250508,2200,20250509,300,1,45,SK,all,daily,0,630,,active,1,Mastersubscriptions2May2025.csv,33961,1,20250508,2200,20250509,300,472
daily,436,QL2,A3,*,A3,1,1,0,20250508,2200,20250509,300,1,45,SK,all,daily,0,630,,active,1,Mastersubscriptions2May2025.csv,33961,1,20250508,2200,20250509,300,472
daily,437,QL2,A3,*,A3,1,1,0,20250508,2200,20250509,300,1,45,SK,all,daily,0,630,,active,1,Mastersubscriptions2May2025.csv,33961,1,20250508,2200,20250509,300,472
daily,439,SP,B6_API,*,B6,1,1,0,20250508,400,20250508,800,1,40,B6,Overnight,daily,0,500,,active,1,B6.csv,33706,1,20250508,400,20250508,800,6392
daily,440,SP,B6_API,*,B6,1,1,0,20250508,500,20250508,800,1,33,AA,Overnight,daily,0,600,,active,1,AA_B5.csv,33731,1,20250508,500,20250508,1000,28272
daily,440,SP,B6_API,*,B6,1,1,0,20250508,500,20250508,800,2,40,B6,Overnight,daily,0,500,,active,1,B6.csv,33706,1,20250508,400,20250508,800,28272
daily,440,SP,B6_API,*,B6,1,1,0,20250508,400,20250508,800,1,40,B6,Overnight,daily,0,500,,active,1,B6.csv,33706,1,20250508,400,20250508,800,82404
daily,441,SP,B6_API,*,B6,1,1,0,20250508,500,20250508,1000,1,33,AA,Overnight,daily,0,600,,active,1,AA_B5.csv,33731,1,20250508,500,20250508,1000,3024
daily,441,SP,B6_API,*,B6,1,1,0,20250508,500,20250508,1000,1,33,AA,Overnight,daily,0,600,,active,1,AA_A1.csv,32335,1,20250508,500,20250508,1000,1248
daily,442,SP,B6_API,*,B6,1,1,0,20250508,700,20250508,2200,1,44,AS,Afternoon,daily,0,1600,,active,1,AS_Daily_20250423.csv,33380,1,20250508,700,20250508,2200,5892
daily,443,SP,B6_API,*,B6,1,1,0,20250509,400,20250509,800,1,40,B6,Overnight,daily,0,500,,active,1,B6.csv,33706,1,20250509,400,20250509,800,6392
daily,444,SP,B6_API,*,B6,1,1,0,20250509,500,20250509,800,1,33,AA,Overnight,daily,0,600,,active,1,AA_B5.csv,33731,1,20250509,500,20250509,1000,28272
daily,444,SP,B6_API,*,B6,1,1,0,20250509,500,20250509,800,2,40,B6,Overnight,daily,0,500,,active,1,B6.csv,33706,1,20250509,400,20250509,800,28272
daily,444,SP,B6_API,*,B6,1,1,0,20250509,400,20250509,800,1,40,B6,Overnight,daily,0,500,,active,1,B6.csv,33706,1,20250509,400,20250509,800,82404
daily,445,SP,B6_API,*,B6,1,1,0,20250509,500,20250509,1000,1,33,AA,Overnight,daily,0,600,,active,1,AA_B5.csv,33731,1,20250509,500,20250509,1000,3024
daily,445,SP,B6_API,*,B6,1,1,0,20250509,500,20250509,1000,1,33,AA,Overnight,daily,0,600,,active,1,AA_A1.csv,32335,1,20250509,500,20250509,1000,1248
daily,446,SP,B6_API,*,B6,1,1,0,20250509,700,20250509,2200,1,44,AS,Afternoon,daily,0,1600,,active,1,AS_Daily_20250423.csv,33380,1,20250509,700,20250509,2200,5892
daily,447,QL2,DX,*,DX,1,1,0,20250507,2200,20250508,300,1,45,SK,all,daily,0,630,,active,1,Mastersubscriptions2May2025.csv,33961,1,20250507,2200,20250508,300,194
daily,448,QL2,DX,*,DX,1,1,0,20250507,2200,20250508,300,1,45,SK,all,daily,0,630,,active,1,Mastersubscriptions2May2025.csv,33961,1,20250507,2200,20250508,300,200
daily,449,QL2,DX,*,DX,1,1,0,20250507,2200,20250508,300,1,45,SK,all,daily,0,630,,active,1,Mastersubscriptions2May2025.csv,33961,1,20250507,2200,20250508,300,200
daily,450,QL2,DX,*,DX,1,1,0,20250508,2200,20250509,300,1,45,SK,all,daily,0,630,,active,1,Mastersubscriptions2May2025.csv,33961,1,20250508,2200,20250509,300,192
daily,451,QL2,DX,*,DX,1,1,0,20250508,2200,20250509,300,1,45,SK,all,daily,0,630,,active,1,Mastersubscriptions2May2025.csv,33961,1,20250508,2200,20250509,300,200
daily,452,QL2,DX,*,DX,1,1,0,20250508,2200,20250509,300,1,45,SK,all,daily,0,630,,active,1,Mastersubscriptions2May2025.csv,33961,1,20250508,2200,20250509,300,200
daily,453,QL2,UP,*,UP,1,1,0,20250508,500,20250508,800,1,33,AA,Overnight,daily,0,600,,active,1,AA_B4.csv,33687,1,20250508,500,20250508,1000,4
daily,453,QL2,UP,*,UP,1,1,0,20250508,500,20250508,800,2,40,B6,Overnight,daily,0,500,,active,1,B6.csv,33706,1,20250508,400,20250508,800,4
daily,453,QL2,UP,*,UP,1,1,0,20250508,400,20250508,800,1,40,B6,Overnight,daily,0,500,,active,1,B6.csv,33706,1,20250508,400,20250508,800,194
daily,454,QL2,UP,*,UP,1,1,0,20250508,500,20250508,800,1,33,AA,Overnight,daily,0,600,,active,1,AA_B4.csv,33687,1,20250508,500,20250508,1000,11
daily,454,QL2,UP,*,UP,1,1,0,20250508,500,20250508,800,2,40,B6,Overnight,daily,0,500,,active,1,B6.csv,33706,1,20250508,400,20250508,800,11
daily,454,QL2,UP,*,UP,1,1,0,20250508,400,20250508,800,1,40,B6,Overnight,daily,0,500,,active,1,B6.csv,33706,1,20250508,400,20250508,800,253
daily,455,QL2,UP,*,UP,1,1,0,20250508,500,20250508,800,1,33,AA,Overnight,daily,0,600,,active,1,AA_B4.csv,33687,1,20250508,500,20250508,1000,12
daily,455,QL2,UP,*,UP,1,1,0,20250508,500,20250508,800,2,40,B6,Overnight,daily,0,500,,active,1,B6.csv,33706,1,20250508,400,20250508,800,12
daily,455,QL2,UP,*,UP,1,1,0,20250508,400,20250508,800,1,40,B6,Overnight,daily,0,500,,active,1,B6.csv,33706,1,20250508,400,20250508,800,252
daily,456,QL2,UP,*,UP,1,1,0,20250508,500,20250508,1000,1,33,AA,Overnight,daily,0,600,,active,1,AA_B4.csv,33687,1,20250508,500,20250508,1000,53
daily,457,QL2,UP,*,UP,1,1,0,20250509,500,20250509,800,1,33,AA,Overnight,daily,0,600,,active,1,AA_B4.csv,33687,1,20250509,500,20250509,1000,4
daily,457,QL2,UP,*,UP,1,1,0,20250509,500,20250509,800,2,40,B6,Overnight,daily,0,500,,active,1,B6.csv,33706,1,20250509,400,20250509,800,4
daily,457,QL2,UP,*,UP,1,1,0,20250509,400,20250509,800,1,40,B6,Overnight,daily,0,500,,active,1,B6.csv,33706,1,20250509,400,20250509,800,194
daily,458,QL2,UP,*,UP,1,1,0,20250509,500,20250509,800,1,33,AA,Overnight,daily,0,600,,active,1,AA_B4.csv,33687,1,20250509,500,20250509,1000,11
daily,458,QL2,UP,*,UP,1,1,0,20250509,500,20250509,800,2,40,B6,Overnight,daily,0,500,,active,1,B6.csv,33706,1,20250509,400,20250509,800,11
daily,458,QL2,UP,*,UP,1,1,0,20250509,400,20250509,800,1,40,B6,Overnight,daily,0,500,,active,1,B6.csv,33706,1,20250509,400,20250509,800,253
daily,459,QL2,UP,*,UP,1,1,0,20250509,500,20250509,800,1,33,AA,Overnight,daily,0,600,,active,1,AA_B4.csv,33687,1,20250509,500,20250509,1000,12
daily,459,QL2,UP,*,UP,1,1,0,20250509,500,20250509,800,2,40,B6,Overnight,daily,0,500,,active,1,B6.csv,33706,1,20250509,400,20250509,800,12
daily,459,QL2,UP,*,UP,1,1,0,20250509,400,20250509,800,1,40,B6,Overnight,daily,0,500,,active,1,B6.csv,33706,1,20250509,400,20250509,800,252
daily,460,QL2,UP,*,UP,1,1,0,20250509,500,20250509,1000,1,33,AA,Overnight,daily,0,600,,active,1,AA_B4.csv,33687,1,20250509,500,20250509,1000,53
daily,461,AI,GGL,*,GGL,1,1,0,20250508,700,20250508,700,1,61,GJ,AI_GGL_Test,daily,0,2359,,active,1,ai_ggl_test_2023-06-21.csv,18736,1,20250508,700,20250508,700,24192
daily,462,AI,GGL,*,GGL,1,1,0,20250508,400,20250508,800,1,40,B6,Overnight,daily,0,500,,active,1,B6_GGL_WN.csv,31871,1,20250508,400,20250508,800,11152
daily,462,AI,GGL,*,GGL,1,1,0,20250508,700,20250508,800,1,44,AS,Afternoon,daily,0,1600,,active,1,AS_Daily_20250423.csv,33380,1,20250508,700,20250508,2200,368
daily,462,AI,GGL,*,GGL,1,1,0,20250508,700,20250508,800,2,40,B6,Overnight,daily,0,500,,active,1,B6_GGL_WN.csv,31871,1,20250508,400,20250508,800,368
daily,463,AI,GGL,*,GGL,1,1,0,20250508,500,20250508,1000,1,33,AA,Overnight,daily,0,600,,active,1,AA_B4.csv,33687,1,20250508,500,20250508,1000,35573
daily,463,AI,GGL,*,GGL,1,1,0,20250508,500,20250508,1000,1,102,AA,AA_CanadaAlaskaHawaii,daily,0,600,,active,1,AA_CAH.csv,30730,1,20250508,500,20250508,1000,6720
daily,464,AI,GGL,*,GGL,1,1,0,20250508,700,20250508,2200,1,44,AS,Afternoon,daily,0,1600,,active,1,AS_Daily_20250423.csv,33380,1,20250508,700,20250508,2200,20024
daily,465,AI,GGL,*,GGL,1,1,0,20250509,700,20250509,700,1,61,GJ,AI_GGL_Test,daily,0,2359,,active,1,ai_ggl_test_2023-06-21.csv,18736,1,20250509,700,20250509,700,24192
daily,466,AI,GGL,*,GGL,1,1,0,20250509,400,20250509,800,1,40,B6,Overnight,daily,0,500,,active,1,B6_GGL_WN.csv,31871,1,20250509,400,20250509,800,11152
daily,466,AI,GGL,*,GGL,1,1,0,20250509,700,20250509,800,1,44,AS,Afternoon,daily,0,1600,,active,1,AS_Daily_20250423.csv,33380,1,20250509,700,20250509,2200,368
daily,466,AI,GGL,*,GGL,1,1,0,20250509,700,20250509,800,2,40,B6,Overnight,daily,0,500,,active,1,B6_GGL_WN.csv,31871,1,20250509,400,20250509,800,368
daily,467,AI,GGL,*,GGL,1,1,0,20250509,500,20250509,1000,1,33,AA,Overnight,daily,0,600,,active,1,AA_B4.csv,33687,1,20250509,500,20250509,1000,35573
daily,467,AI,GGL,*,GGL,1,1,0,20250509,500,20250509,1000,1,102,AA,AA_CanadaAlaskaHawaii,daily,0,600,,active,1,AA_CAH.csv,30730,1,20250509,500,20250509,1000,6720
daily,468,AI,GGL,*,GGL,1,1,0,20250509,700,20250509,2200,1,44,AS,Afternoon,daily,0,1600,,active,1,AS_Daily_20250423.csv,33380,1,20250509,700,20250509,2200,20024
daily,469,QL2,KYK,*,KYK,1,1,0,20250508,500,20250508,1000,1,39,AA,AA_UK,daily,0,600,,active,1,AA_UK.csv,442,1,20250508,500,20250508,1000,256
daily,470,QL2,KYK,*,KYK,1,1,0,20250508,500,20250508,1000,1,39,AA,AA_UK,daily,0,600,,active,1,AA_UK.csv,442,1,20250508,500,20250508,1000,1000
daily,471,QL2,KYK,*,KYK,1,1,0,20250508,500,20250508,1000,1,39,AA,AA_UK,daily,0,600,,active,1,AA_UK.csv,442,1,20250508,500,20250508,1000,1000
daily,472,QL2,KYK,*,KYK,1,1,0,20250509,500,20250509,1000,1,39,AA,AA_UK,daily,0,600,,active,1,AA_UK.csv,442,1,20250509,500,20250509,1000,256
daily,473,QL2,KYK,*,KYK,1,1,0,20250509,500,20250509,1000,1,39,AA,AA_UK,daily,0,600,,active,1,AA_UK.csv,442,1,20250509,500,20250509,1000,1000
daily,474,QL2,KYK,*,KYK,1,1,0,20250509,500,20250509,1000,1,39,AA,AA_UK,daily,0,600,,active,1,AA_UK.csv,442,1,20250509,500,20250509,1000,1000
daily,475,QL2,BKG,*,B0,2,1,0,20250508,400,20250508,800,1,40,B6,Overnight,daily,0,500,,active,1,B6.csv,33706,1,20250508,400,20250508,800,224
daily,475,QL2,BKG,*,BF,2,1,0,20250508,400,20250508,800,1,40,B6,Overnight,daily,0,500,,active,1,B6.csv,33706,1,20250508,400,20250508,800,224
daily,476,QL2,BKG,*,B0,2,1,0,20250508,400,20250508,800,1,40,B6,Overnight,daily,0,500,,active,1,B6.csv,33706,1,20250508,400,20250508,800,724
daily,476,QL2,BKG,*,BF,2,1,0,20250508,400,20250508,800,1,40,B6,Overnight,daily,0,500,,active,1,B6.csv,33706,1,20250508,400,20250508,800,724
daily,477,QL2,BKG,*,DM,1,1,0,20250508,500,20250508,1000,1,33,AA,Overnight,daily,0,600,,active,1,AA_B4.csv,33687,1,20250508,500,20250508,1000,870
daily,477,QL2,BKG,*,2T,1,1,0,20250508,500,20250508,1000,1,33,AA,Overnight,daily,0,600,,active,1,AA_B4.csv,33687,1,20250508,500,20250508,1000,16
daily,478,QL2,BKG,*,DM,1,1,0,20250508,500,20250508,1000,1,33,AA,Overnight,daily,0,600,,active,1,AA_B4.csv,33687,1,20250508,500,20250508,1000,1384
daily,478,QL2,BKG,*,2T,1,1,0,20250508,500,20250508,1000,1,33,AA,Overnight,daily,0,600,,active,1,AA_B4.csv,33687,1,20250508,500,20250508,1000,64
daily,479,QL2,BKG,*,B0,2,1,0,20250509,400,20250509,800,1,40,B6,Overnight,daily,0,500,,active,1,B6.csv,33706,1,20250509,400,20250509,800,224
daily,479,QL2,BKG,*,BF,2,1,0,20250509,400,20250509,800,1,40,B6,Overnight,daily,0,500,,active,1,B6.csv,33706,1,20250509,400,20250509,800,224
daily,480,QL2,BKG,*,B0,2,1,0,20250509,400,20250509,800,1,40,B6,Overnight,daily,0,500,,active,1,B6.csv,33706,1,20250509,400,20250509,800,724
daily,480,QL2,BKG,*,BF,2,1,0,20250509,400,20250509,800,1,40,B6,Overnight,daily,0,500,,active,1,B6.csv,33706,1,20250509,400,20250509,800,724
daily,481,QL2,BKG,*,DM,1,1,0,20250509,500,20250509,1000,1,33,AA,Overnight,daily,0,600,,active,1,AA_B4.csv,33687,1,20250509,500,20250509,1000,870
daily,481,QL2,BKG,*,2T,1,1,0,20250509,500,20250509,1000,1,33,AA,Overnight,daily,0,600,,active,1,AA_B4.csv,33687,1,20250509,500,20250509,1000,16
daily,482,QL2,BKG,*,DM,1,1,0,20250509,500,20250509,1000,1,33,AA,Overnight,daily,0,600,,active,1,AA_B4.csv,33687,1,20250509,500,20250509,1000,1384
daily,482,QL2,BKG,*,2T,1,1,0,20250509,500,20250509,1000,1,33,AA,Overnight,daily,0,600,,active,1,AA_B4.csv,33687,1,20250509,500,20250509,1000,64
daily,483,UA,UA,*,UA,1,1,0,20250508,500,20250508,500,1,32,AA,Miles_Evening,daily,0,2359,,active,1,AA_M2.csv,32385,1,20250508,500,20250508,500,14190
daily,485,UA,UA,*,UA,1,1,0,20250508,500,20250508,1000,1,83,WN,WN_detailed,daily,0,600,,active,1,WN_GET_UA_20241011.csv,23530,1,20250508,500,20250508,1000,282
daily,485,UA,UA,*,UA,1,1,0,20250508,500,20250508,1000,2,64,WN,WN_aggregated,daily,0,600,,active,1,WN_GET_UA_20241011.csv,23529,1,20250508,500,20250508,1000,282
daily,485,UA,UA,*,UA,1,1,0,20250508,500,20250508,1000,3,108,AA,AA_B6,daily,0,600,,active,1,AA_B6_22APR2025.csv,33336,1,20250508,500,20250508,1000,59
daily,485,UA,UA,*,UA,1,1,0,20250508,500,20250508,1000,1,108,AA,AA_B6,daily,0,600,,active,1,AA_B6_22APR2025.csv,33336,1,20250508,500,20250508,1000,19
daily,485,UA,UA,*,UA,1,1,0,20250508,500,20250508,1000,1,33,AA,Overnight,daily,0,600,,active,1,AA_A1.csv,32335,1,20250508,500,20250508,1000,21
daily,485,UA,UA,*,UA,1,1,0,20250508,400,20250508,800,1,40,B6,Overnight,daily,0,500,,active,1,B6.csv,33706,1,20250508,400,20250508,800,7405
daily,486,UA,UA,*,UA,1,1,0,20250508,700,20250508,1000,1,83,WN,WN_detailed,daily,0,600,,active,1,WN_GET_UA_20241011.csv,23530,1,20250508,500,20250508,1000,515
daily,486,UA,UA,*,UA,1,1,0,20250508,700,20250508,1000,2,44,AS,Afternoon,daily,0,1600,,active,1,AS_Daily_20250423.csv,33380,1,20250508,700,20250508,2200,515
daily,486,UA,UA,*,UA,1,1,0,20250508,700,20250508,1000,3,64,WN,WN_aggregated,daily,0,600,,active,1,WN_GET_UA_20241011.csv,23529,1,20250508,500,20250508,1000,515
daily,486,UA,UA,*,UA,1,1,0,20250508,700,20250508,1000,4,108,AA,AA_B6,daily,0,600,,active,1,AA_B6_22APR2025.csv,33336,1,20250508,500,20250508,1000,10
daily,486,UA,UA,*,UA,1,1,0,20250508,500,20250508,1000,1,108,AA,AA_B6,daily,0,600,,active,1,AA_B6_22APR2025.csv,33336,1,20250508,500,20250508,1000,5968
daily,486,UA,UA,*,UA,1,1,0,20250508,500,20250508,1000,1,83,WN,WN_detailed,daily,0,600,,active,1,WN_GET_UA_20241011.csv,23530,1,20250508,500,20250508,1000,65259
daily,486,UA,UA,*,UA,1,1,0,20250508,500,20250508,1000,2,64,WN,WN_aggregated,daily,0,600,,active,1,WN_GET_UA_20241011.csv,23529,1,20250508,500,20250508,1000,64743
daily,486,UA,UA,*,UA,1,1,0,20250508,500,20250508,1000,3,108,AA,AA_B6,daily,0,600,,active,1,AA_B6_22APR2025.csv,33336,1,20250508,500,20250508,1000,13411
daily,486,UA,UA,*,UA,1,1,0,20250508,500,20250508,1000,2,33,AA,Overnight,daily,0,600,,active,1,AA_B4.csv,33687,1,20250508,500,20250508,1000,516
daily,486,UA,UA,*,UA,1,1,0,20250508,500,20250508,1000,3,64,WN,WN_aggregated,daily,0,600,,active,1,WN_GET_UA_20241011.csv,23529,1,20250508,500,20250508,1000,516
daily,486,UA,UA,*,UA,1,1,0,20250508,500,20250508,1000,1,33,AA,Overnight,daily,0,600,,active,1,AA_B4.csv,33687,1,20250508,500,20250508,1000,4049
daily,486,UA,UA,*,UA,1,1,0,20250508,500,20250508,1000,1,102,AA,AA_CanadaAlaskaHawaii,daily,0,600,,active,1,AA_CAH.csv,30730,1,20250508,500,20250508,1000,469
daily,486,UA,UA,*,UA,1,1,0,20250508,500,20250508,1000,1,33,AA,Overnight,daily,0,600,,active,1,AA_B2.csv,31919,1,20250508,500,20250508,1000,43
daily,486,UA,UA,*,UA,1,1,0,20250508,500,20250508,1000,1,33,AA,Overnight,daily,0,600,,active,1,AA_A1.csv,32335,1,20250508,500,20250508,1000,34
daily,486,UA,UA,*,UA,1,1,0,20250508,700,20250508,800,1,83,WN,WN_detailed,daily,0,600,,active,1,WN_GET_UA_20241011.csv,23530,1,20250508,500,20250508,1000,819
daily,486,UA,UA,*,UA,1,1,0,20250508,700,20250508,800,2,107,ADB,DL_Test,daily,0,1230,,active,1,DL_POC_2.csv,31559,1,20250508,700,20250508,1800,819
daily,486,UA,UA,*,UA,1,1,0,20250508,700,20250508,800,3,64,WN,WN_aggregated,daily,0,600,,active,1,WN_GET_UA_20241011.csv,23529,1,20250508,500,20250508,1000,637
daily,486,UA,UA,*,UA,1,1,0,20250508,700,20250508,800,4,108,AA,AA_B6,daily,0,600,,active,1,AA_CORE.csv,31699,1,20250508,500,20250508,1000,637
daily,486,UA,UA,*,UA,1,1,0,20250508,700,20250508,800,5,111,DL,DL_POC_2,daily,0,530,,active,1,DL_POC_2.csv,31647,1,20250508,400,20250508,800,637
daily,486,UA,UA,*,UA,1,1,0,20250508,700,20250508,800,1,107,ADB,DL_Test,daily,0,1230,,active,1,DL_POC_2.csv,31559,1,20250508,700,20250508,1800,91
daily,486,UA,UA,*,UA,1,1,0,20250508,700,20250508,800,2,111,DL,DL_POC_2,daily,0,530,,active,1,DL_POC_2.csv,31647,1,20250508,400,20250508,800,91
daily,486,UA,UA,*,UA,1,1,0,20250508,700,20250508,800,3,44,AS,Afternoon,daily,0,1600,,active,1,AS_Daily_20250423.csv,33380,1,20250508,700,20250508,2200,182
daily,486,UA,UA,*,UA,1,1,0,20250508,700,20250508,800,4,64,WN,WN_aggregated,daily,0,600,,active,1,WN_GET_UA_20241011.csv,23529,1,20250508,500,20250508,1000,182
daily,486,UA,UA,*,UA,1,1,0,20250508,700,20250508,800,5,108,AA,AA_B6,daily,0,600,,active,1,AA_CORE.csv,31699,1,20250508,500,20250508,1000,182
daily,486,UA,UA,*,UA,1,1,0,20250508,700,20250508,800,6,111,DL,DL_POC_2,daily,0,530,,active,1,DL_POC_2.csv,31647,1,20250508,400,20250508,800,182
daily,486,UA,UA,*,UA,1,1,0,20250508,400,20250508,800,1,40,B6,Overnight,daily,0,500,,active,1,B6.csv,33706,1,20250508,400,20250508,800,29004
daily,487,UA,UA,*,UA,1,1,0,20250508,700,20250508,1000,1,83,WN,WN_detailed,daily,0,600,,active,1,WN_GET_UA_20241011.csv,23530,1,20250508,500,20250508,1000,7976
daily,487,UA,UA,*,UA,1,1,0,20250508,700,20250508,1000,2,44,AS,Afternoon,daily,0,1600,,active,1,AS_Daily_20250423.csv,33380,1,20250508,700,20250508,2200,7976
daily,487,UA,UA,*,UA,1,1,0,20250508,700,20250508,1000,3,64,WN,WN_aggregated,daily,0,600,,active,1,WN_GET_UA_20241011.csv,23529,1,20250508,500,20250508,1000,7339
daily,487,UA,UA,*,UA,1,1,0,20250508,700,20250508,1000,4,108,AA,AA_B6,daily,0,600,,active,1,AA_CORE.csv,31699,1,20250508,500,20250508,1000,2085
daily,487,UA,UA,*,UA,1,1,0,20250508,700,20250508,1000,1,44,AS,Afternoon,daily,0,1600,,active,1,AS_Daily_20250423.csv,33380,1,20250508,700,20250508,2200,455
daily,487,UA,UA,*,UA,1,1,0,20250508,700,20250508,1000,2,108,AA,AA_B6,daily,0,600,,active,1,AA_CORE.csv,31699,1,20250508,500,20250508,1000,113
daily,487,UA,UA,*,UA,1,1,0,20250508,700,20250508,1000,3,102,AA,AA_CanadaAlaskaHawaii,daily,0,600,,active,1,AA_CAH.csv,30730,1,20250508,500,20250508,1000,441
daily,487,UA,UA,*,UA,1,1,0,20250508,700,20250508,1000,4,64,WN,WN_aggregated,daily,0,600,,active,1,WN_GET_UA_20241011.csv,23529,1,20250508,500,20250508,1000,637
daily,487,UA,UA,*,UA,1,1,0,20250508,700,20250508,1000,5,108,AA,AA_B6,daily,0,600,,active,1,AA_CORE.csv,31699,1,20250508,500,20250508,1000,133
daily,487,UA,UA,*,UA,1,1,0,20250508,700,20250508,1000,2,33,AA,Overnight,daily,0,600,,active,1,AA_B4.csv,33687,1,20250508,500,20250508,1000,195
daily,487,UA,UA,*,UA,1,1,0,20250508,700,20250508,1000,2,102,AA,AA_CanadaAlaskaHawaii,daily,0,600,,active,1,AA_CAH.csv,30730,1,20250508,500,20250508,1000,147
daily,487,UA,UA,*,UA,1,1,0,20250508,700,20250508,1000,3,33,AA,Overnight,daily,0,600,,active,1,AA_B4.csv,33687,1,20250508,500,20250508,1000,196
daily,487,UA,UA,*,UA,1,1,0,20250508,700,20250508,1000,3,108,AA,AA_B6,daily,0,600,,active,1,AA_CORE.csv,31699,1,20250508,500,20250508,1000,19
daily,487,UA,UA,*,UA,1,1,0,20250508,700,20250508,1000,4,108,AA,AA_B6,daily,0,600,,active,1,AA_B6_22APR2025.csv,33336,1,20250508,500,20250508,1000,868
daily,487,UA,UA,*,UA,1,1,0,20250508,500,20250508,1000,1,102,AA,AA_CanadaAlaskaHawaii,daily,0,600,,active,1,AA_CAH.csv,30730,1,20250508,500,20250508,1000,2531
daily,487,UA,UA,*,UA,1,1,0,20250508,500,20250508,1000,1,33,AA,Overnight,daily,0,600,,active,1,AA_B4.csv,33687,1,20250508,500,20250508,1000,22067
daily,487,UA,UA,*,UA,1,1,0,20250508,500,20250508,1000,1,83,WN,WN_detailed,daily,0,600,,active,1,WN_GET_UA_20241011.csv,23530,1,20250508,500,20250508,1000,49365
daily,487,UA,UA,*,UA,1,1,0,20250508,500,20250508,1000,2,64,WN,WN_aggregated,daily,0,600,,active,1,WN_GET_UA_20241011.csv,23529,1,20250508,500,20250508,1000,46607
daily,487,UA,UA,*,UA,1,1,0,20250508,500,20250508,1000,3,108,AA,AA_B6,daily,0,600,,active,1,AA_CORE.csv,31699,1,20250508,500,20250508,1000,27161
daily,487,UA,UA,*,UA,1,1,0,20250508,500,20250508,1000,1,108,AA,AA_B6,daily,0,600,,active,1,AA_CORE.csv,31699,1,20250508,500,20250508,1000,18579
daily,487,UA,UA,*,UA,1,1,0,20250508,500,20250508,1000,1,108,AA,AA_B6,daily,0,600,,active,1,AA_B6_22APR2025.csv,33336,1,20250508,500,20250508,1000,6009
daily,487,UA,UA,*,UA,1,1,0,20250508,500,20250508,1000,2,33,AA,Overnight,daily,0,600,,active,1,AA_B4.csv,33687,1,20250508,500,20250508,1000,2758
daily,487,UA,UA,*,UA,1,1,0,20250508,500,20250508,1000,3,64,WN,WN_aggregated,daily,0,600,,active,1,WN_GET_UA_20241011.csv,23529,1,20250508,500,20250508,1000,2758
daily,487,UA,UA,*,UA,1,1,0,20250508,500,20250508,1000,1,33,AA,Overnight,daily,0,600,,active,1,AA_A1.csv,32335,1,20250508,500,20250508,1000,53
daily,487,UA,UA,*,UA,1,1,0,20250508,500,20250508,1000,3,108,AA,AA_B6,daily,0,600,,active,1,AA_B6_22APR2025.csv,33336,1,20250508,500,20250508,1000,6668
daily,487,UA,UA,*,UA,1,1,0,20250508,500,20250508,1000,1,33,AA,Overnight,daily,0,600,,active,1,AA_B2.csv,31919,1,20250508,500,20250508,1000,457
daily,487,UA,UA,*,UA,1,1,0,20250508,500,20250508,1000,1,105,UA,UA_CS,daily,0,900,,active,1,UA_InputFile_Codeshare_0312.csv,31365,1,20250508,500,20250508,1300,16
daily,487,UA,UA,*,UA,1,1,0,20250508,500,20250508,1000,2,108,AA,AA_B6,daily,0,600,,active,1,AA_B6_22APR2025.csv,33336,1,20250508,500,20250508,1000,16
daily,488,UA,UA,*,UA,1,1,0,20250508,700,20250508,1000,1,83,WN,WN_detailed,daily,0,600,,active,1,WN_GET_UA_20241011.csv,23530,1,20250508,500,20250508,1000,9365
daily,488,UA,UA,*,UA,1,1,0,20250508,700,20250508,1000,2,44,AS,Afternoon,daily,0,1600,,active,1,AS_Daily_20250423.csv,33380,1,20250508,700,20250508,2200,9365
daily,488,UA,UA,*,UA,1,1,0,20250508,700,20250508,1000,3,64,WN,WN_aggregated,daily,0,600,,active,1,WN_GET_UA_20241011.csv,23529,1,20250508,500,20250508,1000,8438
daily,488,UA,UA,*,UA,1,1,0,20250508,700,20250508,1000,4,108,AA,AA_B6,daily,0,600,,active,1,AA_CORE.csv,31699,1,20250508,500,20250508,1000,7932
daily,488,UA,UA,*,UA,1,1,0,20250508,700,20250508,1000,1,44,AS,Afternoon,daily,0,1600,,active,1,AS_Daily_20250423.csv,33380,1,20250508,700,20250508,2200,936
daily,488,UA,UA,*,UA,1,1,0,20250508,700,20250508,1000,2,33,AA,Overnight,daily,0,600,,active,1,AA_B4.csv,33687,1,20250508,500,20250508,1000,289
daily,488,UA,UA,*,UA,1,1,0,20250508,700,20250508,1000,2,108,AA,AA_B6,daily,0,600,,active,1,AA_CORE.csv,31699,1,20250508,500,20250508,1000,434
daily,488,UA,UA,*,UA,1,1,0,20250508,700,20250508,1000,3,33,AA,Overnight,daily,0,600,,active,1,AA_B4.csv,33687,1,20250508,500,20250508,1000,288
daily,488,UA,UA,*,UA,1,1,0,20250508,700,20250508,1000,4,64,WN,WN_aggregated,daily,0,600,,active,1,WN_GET_UA_20241011.csv,23529,1,20250508,500,20250508,1000,927
daily,488,UA,UA,*,UA,1,1,0,20250508,700,20250508,1000,3,102,AA,AA_CanadaAlaskaHawaii,daily,0,600,,active,1,AA_CAH.csv,30730,1,20250508,500,20250508,1000,639
daily,488,UA,UA,*,UA,1,1,0,20250508,700,20250508,1000,5,108,AA,AA_B6,daily,0,600,,active,1,AA_CORE.csv,31699,1,20250508,500,20250508,1000,497
daily,488,UA,UA,*,UA,1,1,0,20250508,700,20250508,1000,2,102,AA,AA_CanadaAlaskaHawaii,daily,0,600,,active,1,AA_CAH.csv,30730,1,20250508,500,20250508,1000,213
daily,488,UA,UA,*,UA,1,1,0,20250508,700,20250508,1000,3,108,AA,AA_B6,daily,0,600,,active,1,AA_CORE.csv,31699,1,20250508,500,20250508,1000,71
daily,488,UA,UA,*,UA,1,1,0,20250508,500,20250508,1000,1,83,WN,WN_detailed,daily,0,600,,active,1,WN_GET_UA_20241011.csv,23530,1,20250508,500,20250508,1000,44704
daily,488,UA,UA,*,UA,1,1,0,20250508,500,20250508,1000,2,33,AA,Overnight,daily,0,600,,active,1,AA_B4.csv,33687,1,20250508,500,20250508,1000,2534
daily,488,UA,UA,*,UA,1,1,0,20250508,500,20250508,1000,3,64,WN,WN_aggregated,daily,0,600,,active,1,WN_GET_UA_20241011.csv,23529,1,20250508,500,20250508,1000,2534
daily,488,UA,UA,*,UA,1,1,0,20250508,500,20250508,1000,2,64,WN,WN_aggregated,daily,0,600,,active,1,WN_GET_UA_20241011.csv,23529,1,20250508,500,20250508,1000,42170
daily,488,UA,UA,*,UA,1,1,0,20250508,500,20250508,1000,3,108,AA,AA_B6,daily,0,600,,active,1,AA_CORE.csv,31699,1,20250508,500,20250508,1000,37631
daily,488,UA,UA,*,UA,1,1,0,20250508,500,20250508,1000,1,33,AA,Overnight,daily,0,600,,active,1,AA_B4.csv,33687,1,20250508,500,20250508,1000,20459
daily,488,UA,UA,*,UA,1,1,0,20250508,500,20250508,1000,1,108,AA,AA_B6,daily,0,600,,active,1,AA_CORE.csv,31699,1,20250508,500,20250508,1000,25738
daily,488,UA,UA,*,UA,1,1,0,20250508,500,20250508,1000,1,33,AA,Overnight,daily,0,600,,active,1,AA_B2.csv,31919,1,20250508,500,20250508,1000,450
daily,488,UA,UA,*,UA,1,1,0,20250508,500,20250508,1000,1,102,AA,AA_CanadaAlaskaHawaii,daily,0,600,,active,1,AA_CAH.csv,30730,1,20250508,500,20250508,1000,2280
daily,488,UA,UA,*,UA,1,1,0,20250508,500,20250508,1000,1,108,AA,AA_B6,daily,0,600,,active,1,AA_B6_22APR2025.csv,33336,1,20250508,500,20250508,1000,3424
daily,488,UA,UA,*,UA,1,1,0,20250508,500,20250508,1000,3,108,AA,AA_B6,daily,0,600,,active,1,AA_B6_22APR2025.csv,33336,1,20250508,500,20250508,1000,104
daily,488,UA,UA,*,UA,1,1,0,20250508,500,20250508,1000,1,105,UA,UA_CS,daily,0,900,,active,1,UA_InputFile_Codeshare_0312.csv,31365,1,20250508,500,20250508,1300,104
daily,488,UA,UA,*,UA,1,1,0,20250508,500,20250508,1000,2,108,AA,AA_B6,daily,0,600,,active,1,AA_B6_22APR2025.csv,33336,1,20250508,500,20250508,1000,104
daily,488,UA,UA,*,UA,1,1,0,20250508,500,20250508,1000,1,33,AA,Overnight,daily,0,600,,active,1,AA_A1.csv,32335,1,20250508,500,20250508,1000,48
daily,489,UA,UA,*,UA,1,1,0,20250508,1000,20250508,1100,1,106,SmarterTravel,SmarterTravelDaily,daily,600,800,,active,1,20250311_10Market_Test.csv,31392,1,20250508,1000,20250508,1100,122
daily,490,UA,UA,*,UA,1,1,0,20250508,500,20250508,1300,1,105,UA,UA_CS,daily,0,900,,active,1,UA_InputFile_Codeshare_0312.csv,31365,1,20250508,500,20250508,1300,1100
daily,491,UA,UA,*,UA,1,1,0,20250508,500,20250508,1600,1,93,UA,WN_POC,daily,0,1200,,active,1,UA_WN_POC_2024-12-10.csv,26506,1,20250508,500,20250508,1600,3600
daily,492,UA,UA,*,UA,1,1,0,20250508,700,20250508,2200,1,44,AS,Afternoon,daily,0,1600,,active,1,AS_Daily_20250423.csv,33380,1,20250508,700,20250508,2200,2495
daily,493,UA,UA,*,UA,1,1,0,20250509,500,20250509,500,1,32,AA,Miles_Evening,daily,0,2359,,active,1,AA_M2.csv,32385,1,20250509,500,20250509,500,14190
daily,495,UA,UA,*,UA,1,1,0,20250509,500,20250509,1000,1,83,WN,WN_detailed,daily,0,600,,active,1,WN_GET_UA_20241011.csv,23530,1,20250509,500,20250509,1000,279
daily,495,UA,UA,*,UA,1,1,0,20250509,500,20250509,1000,2,64,WN,WN_aggregated,daily,0,600,,active,1,WN_GET_UA_20241011.csv,23529,1,20250509,500,20250509,1000,279
daily,495,UA,UA,*,UA,1,1,0,20250509,500,20250509,1000,3,108,AA,AA_B6,daily,0,600,,active,1,AA_B6_22APR2025.csv,33336,1,20250509,500,20250509,1000,60
daily,495,UA,UA,*,UA,1,1,0,20250509,500,20250509,1000,1,108,AA,AA_B6,daily,0,600,,active,1,AA_B6_22APR2025.csv,33336,1,20250509,500,20250509,1000,22
daily,495,UA,UA,*,UA,1,1,0,20250509,500,20250509,1000,1,33,AA,Overnight,daily,0,600,,active,1,AA_A1.csv,32335,1,20250509,500,20250509,1000,21
daily,495,UA,UA,*,UA,1,1,0,20250509,400,20250509,800,1,40,B6,Overnight,daily,0,500,,active,1,B6.csv,33706,1,20250509,400,20250509,800,7405
daily,496,UA,UA,*,UA,1,1,0,20250509,700,20250509,1000,1,83,WN,WN_detailed,daily,0,600,,active,1,WN_GET_UA_20241011.csv,23530,1,20250509,500,20250509,1000,515
daily,496,UA,UA,*,UA,1,1,0,20250509,700,20250509,1000,2,44,AS,Afternoon,daily,0,1600,,active,1,AS_Daily_20250423.csv,33380,1,20250509,700,20250509,2200,515
daily,496,UA,UA,*,UA,1,1,0,20250509,700,20250509,1000,3,64,WN,WN_aggregated,daily,0,600,,active,1,WN_GET_UA_20241011.csv,23529,1,20250509,500,20250509,1000,515
daily,496,UA,UA,*,UA,1,1,0,20250509,700,20250509,1000,4,108,AA,AA_B6,daily,0,600,,active,1,AA_B6_22APR2025.csv,33336,1,20250509,500,20250509,1000,10
daily,496,UA,UA,*,UA,1,1,0,20250509,500,20250509,1000,1,83,WN,WN_detailed,daily,0,600,,active,1,WN_GET_UA_20241011.csv,23530,1,20250509,500,20250509,1000,65256
daily,496,UA,UA,*,UA,1,1,0,20250509,500,20250509,1000,2,64,WN,WN_aggregated,daily,0,600,,active,1,WN_GET_UA_20241011.csv,23529,1,20250509,500,20250509,1000,64740
daily,496,UA,UA,*,UA,1,1,0,20250509,500,20250509,1000,3,108,AA,AA_B6,daily,0,600,,active,1,AA_B6_22APR2025.csv,33336,1,20250509,500,20250509,1000,13400
daily,496,UA,UA,*,UA,1,1,0,20250509,500,20250509,1000,1,33,AA,Overnight,daily,0,600,,active,1,AA_B4.csv,33687,1,20250509,500,20250509,1000,4051
daily,496,UA,UA,*,UA,1,1,0,20250509,500,20250509,1000,1,108,AA,AA_B6,daily,0,600,,active,1,AA_B6_22APR2025.csv,33336,1,20250509,500,20250509,1000,5967
daily,496,UA,UA,*,UA,1,1,0,20250509,500,20250509,1000,1,102,AA,AA_CanadaAlaskaHawaii,daily,0,600,,active,1,AA_CAH.csv,30730,1,20250509,500,20250509,1000,471
daily,496,UA,UA,*,UA,1,1,0,20250509,500,20250509,1000,2,33,AA,Overnight,daily,0,600,,active,1,AA_B4.csv,33687,1,20250509,500,20250509,1000,516
daily,496,UA,UA,*,UA,1,1,0,20250509,500,20250509,1000,3,64,WN,WN_aggregated,daily,0,600,,active,1,WN_GET_UA_20241011.csv,23529,1,20250509,500,20250509,1000,516
daily,496,UA,UA,*,UA,1,1,0,20250509,500,20250509,1000,1,33,AA,Overnight,daily,0,600,,active,1,AA_B2.csv,31919,1,20250509,500,20250509,1000,43
daily,496,UA,UA,*,UA,1,1,0,20250509,500,20250509,1000,1,33,AA,Overnight,daily,0,600,,active,1,AA_A1.csv,32335,1,20250509,500,20250509,1000,34
daily,496,UA,UA,*,UA,1,1,0,20250509,700,20250509,800,1,83,WN,WN_detailed,daily,0,600,,active,1,WN_GET_UA_20241011.csv,23530,1,20250509,500,20250509,1000,819
daily,496,UA,UA,*,UA,1,1,0,20250509,700,20250509,800,2,107,ADB,DL_Test,daily,0,1230,,active,1,DL_POC_2.csv,31559,1,20250509,700,20250509,1800,819
daily,496,UA,UA,*,UA,1,1,0,20250509,700,20250509,800,3,64,WN,WN_aggregated,daily,0,600,,active,1,WN_GET_UA_20241011.csv,23529,1,20250509,500,20250509,1000,637
daily,496,UA,UA,*,UA,1,1,0,20250509,700,20250509,800,4,108,AA,AA_B6,daily,0,600,,active,1,AA_CORE.csv,31699,1,20250509,500,20250509,1000,637
daily,496,UA,UA,*,UA,1,1,0,20250509,700,20250509,800,5,111,DL,DL_POC_2,daily,0,530,,active,1,DL_POC_2.csv,31647,1,20250509,400,20250509,800,637
daily,496,UA,UA,*,UA,1,1,0,20250509,700,20250509,800,1,107,ADB,DL_Test,daily,0,1230,,active,1,DL_POC_2.csv,31559,1,20250509,700,20250509,1800,91
daily,496,UA,UA,*,UA,1,1,0,20250509,700,20250509,800,2,111,DL,DL_POC_2,daily,0,530,,active,1,DL_POC_2.csv,31647,1,20250509,400,20250509,800,91
daily,496,UA,UA,*,UA,1,1,0,20250509,700,20250509,800,3,44,AS,Afternoon,daily,0,1600,,active,1,AS_Daily_20250423.csv,33380,1,20250509,700,20250509,2200,182
daily,496,UA,UA,*,UA,1,1,0,20250509,700,20250509,800,4,64,WN,WN_aggregated,daily,0,600,,active,1,WN_GET_UA_20241011.csv,23529,1,20250509,500,20250509,1000,182
daily,496,UA,UA,*,UA,1,1,0,20250509,700,20250509,800,5,108,AA,AA_B6,daily,0,600,,active,1,AA_CORE.csv,31699,1,20250509,500,20250509,1000,182
daily,496,UA,UA,*,UA,1,1,0,20250509,700,20250509,800,6,111,DL,DL_POC_2,daily,0,530,,active,1,DL_POC_2.csv,31647,1,20250509,400,20250509,800,182
daily,496,UA,UA,*,UA,1,1,0,20250509,400,20250509,800,1,40,B6,Overnight,daily,0,500,,active,1,B6.csv,33706,1,20250509,400,20250509,800,29004
daily,497,UA,UA,*,UA,1,1,0,20250509,700,20250509,1000,1,44,AS,Afternoon,daily,0,1600,,active,1,AS_Daily_20250423.csv,33380,1,20250509,700,20250509,2200,457
daily,497,UA,UA,*,UA,1,1,0,20250509,700,20250509,1000,2,33,AA,Overnight,daily,0,600,,active,1,AA_B4.csv,33687,1,20250509,500,20250509,1000,196
daily,497,UA,UA,*,UA,1,1,0,20250509,700,20250509,1000,1,83,WN,WN_detailed,daily,0,600,,active,1,WN_GET_UA_20241011.csv,23530,1,20250509,500,20250509,1000,7974
daily,497,UA,UA,*,UA,1,1,0,20250509,700,20250509,1000,2,44,AS,Afternoon,daily,0,1600,,active,1,AS_Daily_20250423.csv,33380,1,20250509,700,20250509,2200,7974
daily,497,UA,UA,*,UA,1,1,0,20250509,700,20250509,1000,3,64,WN,WN_aggregated,daily,0,600,,active,1,WN_GET_UA_20241011.csv,23529,1,20250509,500,20250509,1000,7339
daily,497,UA,UA,*,UA,1,1,0,20250509,700,20250509,1000,4,108,AA,AA_B6,daily,0,600,,active,1,AA_CORE.csv,31699,1,20250509,500,20250509,1000,2085
daily,497,UA,UA,*,UA,1,1,0,20250509,700,20250509,1000,2,108,AA,AA_B6,daily,0,600,,active,1,AA_CORE.csv,31699,1,20250509,500,20250509,1000,114
daily,497,UA,UA,*,UA,1,1,0,20250509,700,20250509,1000,3,102,AA,AA_CanadaAlaskaHawaii,daily,0,600,,active,1,AA_CAH.csv,30730,1,20250509,500,20250509,1000,439
daily,497,UA,UA,*,UA,1,1,0,20250509,700,20250509,1000,4,64,WN,WN_aggregated,daily,0,600,,active,1,WN_GET_UA_20241011.csv,23529,1,20250509,500,20250509,1000,635
daily,497,UA,UA,*,UA,1,1,0,20250509,700,20250509,1000,5,108,AA,AA_B6,daily,0,600,,active,1,AA_CORE.csv,31699,1,20250509,500,20250509,1000,131
daily,497,UA,UA,*,UA,1,1,0,20250509,700,20250509,1000,2,102,AA,AA_CanadaAlaskaHawaii,daily,0,600,,active,1,AA_CAH.csv,30730,1,20250509,500,20250509,1000,147
daily,497,UA,UA,*,UA,1,1,0,20250509,700,20250509,1000,3,33,AA,Overnight,daily,0,600,,active,1,AA_B4.csv,33687,1,20250509,500,20250509,1000,196
daily,497,UA,UA,*,UA,1,1,0,20250509,700,20250509,1000,3,108,AA,AA_B6,daily,0,600,,active,1,AA_CORE.csv,31699,1,20250509,500,20250509,1000,19
daily,497,UA,UA,*,UA,1,1,0,20250509,700,20250509,1000,4,108,AA,AA_B6,daily,0,600,,active,1,AA_B6_22APR2025.csv,33336,1,20250509,500,20250509,1000,868
daily,497,UA,UA,*,UA,1,1,0,20250509,500,20250509,1000,1,108,AA,AA_B6,daily,0,600,,active,1,AA_CORE.csv,31699,1,20250509,500,20250509,1000,18571
daily,497,UA,UA,*,UA,1,1,0,20250509,500,20250509,1000,1,33,AA,Overnight,daily,0,600,,active,1,AA_B4.csv,33687,1,20250509,500,20250509,1000,22077
daily,497,UA,UA,*,UA,1,1,0,20250509,500,20250509,1000,1,83,WN,WN_detailed,daily,0,600,,active,1,WN_GET_UA_20241011.csv,23530,1,20250509,500,20250509,1000,49369
daily,497,UA,UA,*,UA,1,1,0,20250509,500,20250509,1000,2,64,WN,WN_aggregated,daily,0,600,,active,1,WN_GET_UA_20241011.csv,23529,1,20250509,500,20250509,1000,46613
daily,497,UA,UA,*,UA,1,1,0,20250509,500,20250509,1000,3,108,AA,AA_B6,daily,0,600,,active,1,AA_CORE.csv,31699,1,20250509,500,20250509,1000,27164
daily,497,UA,UA,*,UA,1,1,0,20250509,500,20250509,1000,2,33,AA,Overnight,daily,0,600,,active,1,AA_B4.csv,33687,1,20250509,500,20250509,1000,2756
daily,497,UA,UA,*,UA,1,1,0,20250509,500,20250509,1000,3,64,WN,WN_aggregated,daily,0,600,,active,1,WN_GET_UA_20241011.csv,23529,1,20250509,500,20250509,1000,2756
daily,497,UA,UA,*,UA,1,1,0,20250509,500,20250509,1000,1,33,AA,Overnight,daily,0,600,,active,1,AA_B2.csv,31919,1,20250509,500,20250509,1000,458
daily,497,UA,UA,*,UA,1,1,0,20250509,500,20250509,1000,1,108,AA,AA_B6,daily,0,600,,active,1,AA_B6_22APR2025.csv,33336,1,20250509,500,20250509,1000,6005
daily,497,UA,UA,*,UA,1,1,0,20250509,500,20250509,1000,1,102,AA,AA_CanadaAlaskaHawaii,daily,0,600,,active,1,AA_CAH.csv,30730,1,20250509,500,20250509,1000,2528
daily,497,UA,UA,*,UA,1,1,0,20250509,500,20250509,1000,1,33,AA,Overnight,daily,0,600,,active,1,AA_A1.csv,32335,1,20250509,500,20250509,1000,53
daily,497,UA,UA,*,UA,1,1,0,20250509,500,20250509,1000,3,108,AA,AA_B6,daily,0,600,,active,1,AA_B6_22APR2025.csv,33336,1,20250509,500,20250509,1000,6678
daily,497,UA,UA,*,UA,1,1,0,20250509,500,20250509,1000,1,105,UA,UA_CS,daily,0,900,,active,1,UA_InputFile_Codeshare_0312.csv,31365,1,20250509,500,20250509,1300,16
daily,497,UA,UA,*,UA,1,1,0,20250509,500,20250509,1000,2,108,AA,AA_B6,daily,0,600,,active,1,AA_B6_22APR2025.csv,33336,1,20250509,500,20250509,1000,16
daily,498,UA,UA,*,UA,1,1,0,20250509,700,20250509,1000,1,83,WN,WN_detailed,daily,0,600,,active,1,WN_GET_UA_20241011.csv,23530,1,20250509,500,20250509,1000,9367
daily,498,UA,UA,*,UA,1,1,0,20250509,700,20250509,1000,2,44,AS,Afternoon,daily,0,1600,,active,1,AS_Daily_20250423.csv,33380,1,20250509,700,20250509,2200,9367
daily,498,UA,UA,*,UA,1,1,0,20250509,700,20250509,1000,3,64,WN,WN_aggregated,daily,0,600,,active,1,WN_GET_UA_20241011.csv,23529,1,20250509,500,20250509,1000,8438
daily,498,UA,UA,*,UA,1,1,0,20250509,700,20250509,1000,4,108,AA,AA_B6,daily,0,600,,active,1,AA_CORE.csv,31699,1,20250509,500,20250509,1000,7932
daily,498,UA,UA,*,UA,1,1,0,20250509,700,20250509,1000,1,44,AS,Afternoon,daily,0,1600,,active,1,AS_Daily_20250423.csv,33380,1,20250509,700,20250509,2200,934
daily,498,UA,UA,*,UA,1,1,0,20250509,700,20250509,1000,2,33,AA,Overnight,daily,0,600,,active,1,AA_B4.csv,33687,1,20250509,500,20250509,1000,288
daily,498,UA,UA,*,UA,1,1,0,20250509,700,20250509,1000,2,108,AA,AA_B6,daily,0,600,,active,1,AA_CORE.csv,31699,1,20250509,500,20250509,1000,433
daily,498,UA,UA,*,UA,1,1,0,20250509,700,20250509,1000,3,33,AA,Overnight,daily,0,600,,active,1,AA_B4.csv,33687,1,20250509,500,20250509,1000,288
daily,498,UA,UA,*,UA,1,1,0,20250509,700,20250509,1000,4,64,WN,WN_aggregated,daily,0,600,,active,1,WN_GET_UA_20241011.csv,23529,1,20250509,500,20250509,1000,929
daily,498,UA,UA,*,UA,1,1,0,20250509,700,20250509,1000,3,102,AA,AA_CanadaAlaskaHawaii,daily,0,600,,active,1,AA_CAH.csv,30730,1,20250509,500,20250509,1000,641
daily,498,UA,UA,*,UA,1,1,0,20250509,700,20250509,1000,5,108,AA,AA_B6,daily,0,600,,active,1,AA_CORE.csv,31699,1,20250509,500,20250509,1000,499
daily,498,UA,UA,*,UA,1,1,0,20250509,700,20250509,1000,2,102,AA,AA_CanadaAlaskaHawaii,daily,0,600,,active,1,AA_CAH.csv,30730,1,20250509,500,20250509,1000,213
daily,498,UA,UA,*,UA,1,1,0,20250509,700,20250509,1000,3,108,AA,AA_B6,daily,0,600,,active,1,AA_CORE.csv,31699,1,20250509,500,20250509,1000,71
daily,498,UA,UA,*,UA,1,1,0,20250509,500,20250509,1000,1,83,WN,WN_detailed,daily,0,600,,active,1,WN_GET_UA_20241011.csv,23530,1,20250509,500,20250509,1000,44706
daily,498,UA,UA,*,UA,1,1,0,20250509,500,20250509,1000,2,64,WN,WN_aggregated,daily,0,600,,active,1,WN_GET_UA_20241011.csv,23529,1,20250509,500,20250509,1000,42170
daily,498,UA,UA,*,UA,1,1,0,20250509,500,20250509,1000,3,108,AA,AA_B6,daily,0,600,,active,1,AA_CORE.csv,31699,1,20250509,500,20250509,1000,37628
daily,498,UA,UA,*,UA,1,1,0,20250509,500,20250509,1000,1,33,AA,Overnight,daily,0,600,,active,1,AA_B4.csv,33687,1,20250509,500,20250509,1000,20447
daily,498,UA,UA,*,UA,1,1,0,20250509,500,20250509,1000,1,108,AA,AA_B6,daily,0,600,,active,1,AA_CORE.csv,31699,1,20250509,500,20250509,1000,25746
daily,498,UA,UA,*,UA,1,1,0,20250509,500,20250509,1000,2,33,AA,Overnight,daily,0,600,,active,1,AA_B4.csv,33687,1,20250509,500,20250509,1000,2536
daily,498,UA,UA,*,UA,1,1,0,20250509,500,20250509,1000,3,64,WN,WN_aggregated,daily,0,600,,active,1,WN_GET_UA_20241011.csv,23529,1,20250509,500,20250509,1000,2536
daily,498,UA,UA,*,UA,1,1,0,20250509,500,20250509,1000,1,33,AA,Overnight,daily,0,600,,active,1,AA_B2.csv,31919,1,20250509,500,20250509,1000,449
daily,498,UA,UA,*,UA,1,1,0,20250509,500,20250509,1000,1,102,AA,AA_CanadaAlaskaHawaii,daily,0,600,,active,1,AA_CAH.csv,30730,1,20250509,500,20250509,1000,2281
daily,498,UA,UA,*,UA,1,1,0,20250509,500,20250509,1000,1,108,AA,AA_B6,daily,0,600,,active,1,AA_B6_22APR2025.csv,33336,1,20250509,500,20250509,1000,3426
daily,498,UA,UA,*,UA,1,1,0,20250509,500,20250509,1000,3,108,AA,AA_B6,daily,0,600,,active,1,AA_B6_22APR2025.csv,33336,1,20250509,500,20250509,1000,104
daily,498,UA,UA,*,UA,1,1,0,20250509,500,20250509,1000,1,105,UA,UA_CS,daily,0,900,,active,1,UA_InputFile_Codeshare_0312.csv,31365,1,20250509,500,20250509,1300,104
daily,498,UA,UA,*,UA,1,1,0,20250509,500,20250509,1000,2,108,AA,AA_B6,daily,0,600,,active,1,AA_B6_22APR2025.csv,33336,1,20250509,500,20250509,1000,104
daily,498,UA,UA,*,UA,1,1,0,20250509,500,20250509,1000,1,33,AA,Overnight,daily,0,600,,active,1,AA_A1.csv,32335,1,20250509,500,20250509,1000,48
daily,499,UA,UA,*,UA,1,1,0,20250509,1000,20250509,1100,1,106,SmarterTravel,SmarterTravelDaily,daily,600,800,,active,1,20250311_10Market_Test.csv,31392,1,20250509,1000,20250509,1100,122
daily,500,UA,UA,*,UA,1,1,0,20250509,500,20250509,1300,1,105,UA,UA_CS,daily,0,900,,active,1,UA_InputFile_Codeshare_0312.csv,31365,1,20250509,500,20250509,1300,1100
daily,501,UA,UA,*,UA,1,1,0,20250509,500,20250509,1600,1,93,UA,WN_POC,daily,0,1200,,active,1,UA_WN_POC_2024-12-10.csv,26506,1,20250509,500,20250509,1600,3600
daily,502,UA,UA,*,UA,1,1,0,20250509,700,20250509,2200,1,44,AS,Afternoon,daily,0,1600,,active,1,AS_Daily_20250423.csv,33380,1,20250509,700,20250509,2200,2495
daily,503,QL2,QR,*,QR,1,1,0,20250507,2200,20250508,300,1,45,SK,all,daily,0,630,,active,1,Mastersubscriptions3V-IC-24apr25.csv,33426,1,20250507,2200,20250508,300,180
daily,504,QL2,QR,*,QR,1,1,0,20250507,2200,20250508,300,1,45,SK,all,daily,0,630,,active,1,Mastersubscriptions3V-IC-24apr25.csv,33426,1,20250507,2200,20250508,300,630
daily,505,QL2,QR,*,QR,1,1,0,20250508,2200,20250509,300,1,45,SK,all,daily,0,630,,active,1,Mastersubscriptions3V-IC-24apr25.csv,33426,1,20250508,2200,20250509,300,180
daily,506,QL2,QR,*,QR,1,1,0,20250508,2200,20250509,300,1,45,SK,all,daily,0,630,,active,1,Mastersubscriptions3V-IC-24apr25.csv,33426,1,20250508,2200,20250509,300,630
daily,507,QL2,EI,*,EI,1,1,0,20250508,400,20250508,800,1,40,B6,Overnight,daily,0,500,,active,1,B6.csv,33706,1,20250508,400,20250508,800,500
daily,508,QL2,EI,*,EI,1,1,0,20250508,500,20250508,1000,1,33,AA,Overnight,daily,0,600,,active,1,AA_A1.csv,32335,1,20250508,500,20250508,1000,84
daily,508,QL2,EI,*,EI,1,1,0,20250508,400,20250508,800,1,40,B6,Overnight,daily,0,500,,active,1,B6.csv,33706,1,20250508,400,20250508,800,416
daily,509,QL2,EI,*,EI,1,1,0,20250508,500,20250508,1000,1,33,AA,Overnight,daily,0,600,,active,1,AA_A1.csv,32335,1,20250508,500,20250508,1000,68
daily,509,QL2,EI,*,EI,1,1,0,20250508,400,20250508,800,1,40,B6,Overnight,daily,0,500,,active,1,B6.csv,33706,1,20250508,400,20250508,800,432
daily,510,QL2,EI,*,EI,1,1,0,20250508,500,20250508,1000,1,33,AA,Overnight,daily,0,600,,active,1,AA_A1.csv,32335,1,20250508,500,20250508,1000,63
daily,510,QL2,EI,*,EI,1,1,0,20250508,400,20250508,800,1,40,B6,Overnight,daily,0,500,,active,1,B6.csv,33706,1,20250508,400,20250508,800,437
daily,511,QL2,EI,*,EI,1,1,0,20250508,500,20250508,1000,1,33,AA,Overnight,daily,0,600,,active,1,AA_A1.csv,32335,1,20250508,500,20250508,1000,60
daily,511,QL2,EI,*,EI,1,1,0,20250508,400,20250508,800,1,40,B6,Overnight,daily,0,500,,active,1,B6.csv,33706,1,20250508,400,20250508,800,440
daily,512,QL2,EI,*,EI,1,1,0,20250508,500,20250508,1000,1,33,AA,Overnight,daily,0,600,,active,1,AA_A1.csv,32335,1,20250508,500,20250508,1000,500
daily,513,QL2,EI,*,EI,1,1,0,20250508,500,20250508,1000,1,33,AA,Overnight,daily,0,600,,active,1,AA_A1.csv,32335,1,20250508,500,20250508,1000,500
daily,514,QL2,EI,*,EI,1,1,0,20250509,400,20250509,800,1,40,B6,Overnight,daily,0,500,,active,1,B6.csv,33706,1,20250509,400,20250509,800,500
daily,515,QL2,EI,*,EI,1,1,0,20250509,500,20250509,1000,1,33,AA,Overnight,daily,0,600,,active,1,AA_A1.csv,32335,1,20250509,500,20250509,1000,84
daily,515,QL2,EI,*,EI,1,1,0,20250509,400,20250509,800,1,40,B6,Overnight,daily,0,500,,active,1,B6.csv,33706,1,20250509,400,20250509,800,416
daily,516,QL2,EI,*,EI,1,1,0,20250509,500,20250509,1000,1,33,AA,Overnight,daily,0,600,,active,1,AA_A1.csv,32335,1,20250509,500,20250509,1000,68
daily,516,QL2,EI,*,EI,1,1,0,20250509,400,20250509,800,1,40,B6,Overnight,daily,0,500,,active,1,B6.csv,33706,1,20250509,400,20250509,800,432
daily,517,QL2,EI,*,EI,1,1,0,20250509,500,20250509,1000,1,33,AA,Overnight,daily,0,600,,active,1,AA_A1.csv,32335,1,20250509,500,20250509,1000,63
daily,517,QL2,EI,*,EI,1,1,0,20250509,400,20250509,800,1,40,B6,Overnight,daily,0,500,,active,1,B6.csv,33706,1,20250509,400,20250509,800,437
daily,518,QL2,EI,*,EI,1,1,0,20250509,500,20250509,1000,1,33,AA,Overnight,daily,0,600,,active,1,AA_A1.csv,32335,1,20250509,500,20250509,1000,60
daily,518,QL2,EI,*,EI,1,1,0,20250509,400,20250509,800,1,40,B6,Overnight,daily,0,500,,active,1,B6.csv,33706,1,20250509,400,20250509,800,440
daily,519,QL2,EI,*,EI,1,1,0,20250509,500,20250509,1000,1,33,AA,Overnight,daily,0,600,,active,1,AA_A1.csv,32335,1,20250509,500,20250509,1000,500
daily,520,QL2,EI,*,EI,1,1,0,20250509,500,20250509,1000,1,33,AA,Overnight,daily,0,600,,active,1,AA_A1.csv,32335,1,20250509,500,20250509,1000,500
daily,521,QL2,EK,*,EK,1,1,0,20250508,500,20250508,1000,1,33,AA,Overnight,daily,0,600,,active,1,AA_A1.csv,32335,1,20250508,500,20250508,1000,312
daily,522,QL2,EK,*,EK,1,1,0,20250509,500,20250509,1000,1,33,AA,Overnight,daily,0,600,,active,1,AA_A1.csv,32335,1,20250509,500,20250509,1000,312
daily,523,QL2,AM,*,AM,1,1,0,20250508,700,20250508,2200,1,44,AS,Afternoon,daily,0,1600,,active,1,AS_Daily_20250423.csv,33380,1,20250508,700,20250508,2200,372
daily,524,QL2,AM,*,AM,1,1,0,20250508,700,20250508,2200,1,44,AS,Afternoon,daily,0,1600,,active,1,AS_Daily_20250423.csv,33380,1,20250508,700,20250508,2200,738
daily,525,QL2,AM,*,AM,1,1,0,20250509,700,20250509,2200,1,44,AS,Afternoon,daily,0,1600,,active,1,AS_Daily_20250423.csv,33380,1,20250509,700,20250509,2200,372
daily,526,QL2,AM,*,AM,1,1,0,20250509,700,20250509,2200,1,44,AS,Afternoon,daily,0,1600,,active,1,AS_Daily_20250423.csv,33380,1,20250509,700,20250509,2200,738
daily,527,QL2,MX,*,MX,1,1,0,20250508,400,20250508,800,1,40,B6,Overnight,daily,0,500,,active,1,B6.csv,33706,1,20250508,400,20250508,800,400
daily,528,QL2,MX,*,MX,1,1,0,20250508,500,20250508,800,1,33,AA,Overnight,daily,0,600,,active,1,AA_B5.csv,33731,1,20250508,500,20250508,1000,5
daily,528,QL2,MX,*,MX,1,1,0,20250508,500,20250508,800,2,40,B6,Overnight,daily,0,500,,active,1,B6.csv,33706,1,20250508,400,20250508,800,5
daily,528,QL2,MX,*,MX,1,1,0,20250508,500,20250508,1000,1,33,AA,Overnight,daily,0,600,,active,1,AA_B5.csv,33731,1,20250508,500,20250508,1000,388
daily,528,QL2,MX,*,MX,1,1,0,20250508,400,20250508,800,1,40,B6,Overnight,daily,0,500,,active,1,B6.csv,33706,1,20250508,400,20250508,800,7
daily,529,QL2,MX,*,MX,1,1,0,20250508,500,20250508,800,1,33,AA,Overnight,daily,0,600,,active,1,AA_B5.csv,33731,1,20250508,500,20250508,1000,5
daily,529,QL2,MX,*,MX,1,1,0,20250508,500,20250508,800,2,40,B6,Overnight,daily,0,500,,active,1,B6.csv,33706,1,20250508,400,20250508,800,5
daily,529,QL2,MX,*,MX,1,1,0,20250508,500,20250508,1000,1,33,AA,Overnight,daily,0,600,,active,1,AA_B5.csv,33731,1,20250508,500,20250508,1000,386
daily,529,QL2,MX,*,MX,1,1,0,20250508,400,20250508,800,1,40,B6,Overnight,daily,0,500,,active,1,B6.csv,33706,1,20250508,400,20250508,800,9
daily,530,QL2,MX,*,MX,1,1,0,20250508,500,20250508,800,1,33,AA,Overnight,daily,0,600,,active,1,AA_B5.csv,33731,1,20250508,500,20250508,1000,5
daily,530,QL2,MX,*,MX,1,1,0,20250508,500,20250508,800,2,40,B6,Overnight,daily,0,500,,active,1,B6.csv,33706,1,20250508,400,20250508,800,5
daily,530,QL2,MX,*,MX,1,1,0,20250508,500,20250508,1000,1,33,AA,Overnight,daily,0,600,,active,1,AA_B5.csv,33731,1,20250508,500,20250508,1000,385
daily,530,QL2,MX,*,MX,1,1,0,20250508,400,20250508,800,1,40,B6,Overnight,daily,0,500,,active,1,B6.csv,33706,1,20250508,400,20250508,800,10
daily,531,QL2,MX,*,MX,1,1,0,20250508,500,20250508,800,1,33,AA,Overnight,daily,0,600,,active,1,AA_B5.csv,33731,1,20250508,500,20250508,1000,5
daily,531,QL2,MX,*,MX,1,1,0,20250508,500,20250508,800,2,40,B6,Overnight,daily,0,500,,active,1,B6.csv,33706,1,20250508,400,20250508,800,5
daily,531,QL2,MX,*,MX,1,1,0,20250508,500,20250508,1000,1,33,AA,Overnight,daily,0,600,,active,1,AA_B5.csv,33731,1,20250508,500,20250508,1000,384
daily,531,QL2,MX,*,MX,1,1,0,20250508,400,20250508,800,1,40,B6,Overnight,daily,0,500,,active,1,B6.csv,33706,1,20250508,400,20250508,800,10
daily,532,QL2,MX,*,MX,1,1,0,20250508,500,20250508,1000,1,33,AA,Overnight,daily,0,600,,active,1,AA_B5.csv,33731,1,20250508,500,20250508,1000,400
daily,533,QL2,MX,*,MX,1,1,0,20250508,500,20250508,1000,1,33,AA,Overnight,daily,0,600,,active,1,AA_B5.csv,33731,1,20250508,500,20250508,1000,400
daily,534,QL2,MX,*,MX,1,1,0,20250509,400,20250509,800,1,40,B6,Overnight,daily,0,500,,active,1,B6.csv,33706,1,20250509,400,20250509,800,400
daily,535,QL2,MX,*,MX,1,1,0,20250509,500,20250509,800,1,33,AA,Overnight,daily,0,600,,active,1,AA_B5.csv,33731,1,20250509,500,20250509,1000,5
daily,535,QL2,MX,*,MX,1,1,0,20250509,500,20250509,800,2,40,B6,Overnight,daily,0,500,,active,1,B6.csv,33706,1,20250509,400,20250509,800,5
daily,535,QL2,MX,*,MX,1,1,0,20250509,500,20250509,1000,1,33,AA,Overnight,daily,0,600,,active,1,AA_B5.csv,33731,1,20250509,500,20250509,1000,388
daily,535,QL2,MX,*,MX,1,1,0,20250509,400,20250509,800,1,40,B6,Overnight,daily,0,500,,active,1,B6.csv,33706,1,20250509,400,20250509,800,7
daily,536,QL2,MX,*,MX,1,1,0,20250509,500,20250509,800,1,33,AA,Overnight,daily,0,600,,active,1,AA_B5.csv,33731,1,20250509,500,20250509,1000,5
daily,536,QL2,MX,*,MX,1,1,0,20250509,500,20250509,800,2,40,B6,Overnight,daily,0,500,,active,1,B6.csv,33706,1,20250509,400,20250509,800,5
daily,536,QL2,MX,*,MX,1,1,0,20250509,500,20250509,1000,1,33,AA,Overnight,daily,0,600,,active,1,AA_B5.csv,33731,1,20250509,500,20250509,1000,386
daily,536,QL2,MX,*,MX,1,1,0,20250509,400,20250509,800,1,40,B6,Overnight,daily,0,500,,active,1,B6.csv,33706,1,20250509,400,20250509,800,9
daily,537,QL2,MX,*,MX,1,1,0,20250509,500,20250509,800,1,33,AA,Overnight,daily,0,600,,active,1,AA_B5.csv,33731,1,20250509,500,20250509,1000,5
daily,537,QL2,MX,*,MX,1,1,0,20250509,500,20250509,800,2,40,B6,Overnight,daily,0,500,,active,1,B6.csv,33706,1,20250509,400,20250509,800,5
daily,537,QL2,MX,*,MX,1,1,0,20250509,500,20250509,1000,1,33,AA,Overnight,daily,0,600,,active,1,AA_B5.csv,33731,1,20250509,500,20250509,1000,385
daily,537,QL2,MX,*,MX,1,1,0,20250509,400,20250509,800,1,40,B6,Overnight,daily,0,500,,active,1,B6.csv,33706,1,20250509,400,20250509,800,10
daily,538,QL2,MX,*,MX,1,1,0,20250509,500,20250509,800,1,33,AA,Overnight,daily,0,600,,active,1,AA_B5.csv,33731,1,20250509,500,20250509,1000,5
daily,538,QL2,MX,*,MX,1,1,0,20250509,500,20250509,800,2,40,B6,Overnight,daily,0,500,,active,1,B6.csv,33706,1,20250509,400,20250509,800,5
daily,538,QL2,MX,*,MX,1,1,0,20250509,500,20250509,1000,1,33,AA,Overnight,daily,0,600,,active,1,AA_B5.csv,33731,1,20250509,500,20250509,1000,384
daily,538,QL2,MX,*,MX,1,1,0,20250509,400,20250509,800,1,40,B6,Overnight,daily,0,500,,active,1,B6.csv,33706,1,20250509,400,20250509,800,10
daily,539,QL2,MX,*,MX,1,1,0,20250509,500,20250509,1000,1,33,AA,Overnight,daily,0,600,,active,1,AA_B5.csv,33731,1,20250509,500,20250509,1000,400
daily,540,QL2,MX,*,MX,1,1,0,20250509,500,20250509,1000,1,33,AA,Overnight,daily,0,600,,active,1,AA_B5.csv,33731,1,20250509,500,20250509,1000,400
daily,541,QL2,B0,*,B0,1,1,0,20250508,400,20250508,800,1,40,B6,Overnight,daily,0,500,,active,1,B6.csv,33706,1,20250508,400,20250508,800,100
daily,542,QL2,B0,*,B0,1,1,0,20250508,400,20250508,800,1,40,B6,Overnight,daily,0,500,,active,1,B6.csv,33706,1,20250508,400,20250508,800,100
daily,543,QL2,B0,*,B0,1,1,0,20250508,400,20250508,800,1,40,B6,Overnight,daily,0,500,,active,1,B6.csv,33706,1,20250508,400,20250508,800,100
daily,544,QL2,B0,*,B0,1,1,0,20250508,400,20250508,800,1,40,B6,Overnight,daily,0,500,,active,1,B6.csv,33706,1,20250508,400,20250508,800,100
daily,545,QL2,B0,*,B0,1,1,0,20250508,400,20250508,800,1,40,B6,Overnight,daily,0,500,,active,1,B6.csv,33706,1,20250508,400,20250508,800,100
daily,546,QL2,B0,*,B0,1,1,0,20250509,400,20250509,800,1,40,B6,Overnight,daily,0,500,,active,1,B6.csv,33706,1,20250509,400,20250509,800,100
daily,547,QL2,B0,*,B0,1,1,0,20250509,400,20250509,800,1,40,B6,Overnight,daily,0,500,,active,1,B6.csv,33706,1,20250509,400,20250509,800,100
daily,548,QL2,B0,*,B0,1,1,0,20250509,400,20250509,800,1,40,B6,Overnight,daily,0,500,,active,1,B6.csv,33706,1,20250509,400,20250509,800,100
daily,549,QL2,B0,*,B0,1,1,0,20250509,400,20250509,800,1,40,B6,Overnight,daily,0,500,,active,1,B6.csv,33706,1,20250509,400,20250509,800,100
daily,550,QL2,B0,*,B0,1,1,0,20250509,400,20250509,800,1,40,B6,Overnight,daily,0,500,,active,1,B6.csv,33706,1,20250509,400,20250509,800,100
daily,551,QL2,9K,*,9K,1,1,0,20250508,400,20250508,800,1,40,B6,Overnight,daily,0,500,,active,1,B6.csv,33706,1,20250508,400,20250508,800,24
daily,552,QL2,9K,*,9K,1,1,0,20250508,400,20250508,800,1,40,B6,Overnight,daily,0,500,,active,1,B6.csv,33706,1,20250508,400,20250508,800,1306
daily,553,QL2,9K,*,9K,1,1,0,20250509,400,20250509,800,1,40,B6,Overnight,daily,0,500,,active,1,B6.csv,33706,1,20250509,400,20250509,800,24
daily,554,QL2,9K,*,9K,1,1,0,20250509,400,20250509,800,1,40,B6,Overnight,daily,0,500,,active,1,B6.csv,33706,1,20250509,400,20250509,800,1306
daily,555,QL2,RC,*,RC,1,1,0,20250507,2200,20250508,300,1,45,SK,all,daily,0,630,,active,1,Mastersubscriptions2May2025.csv,33961,1,20250507,2200,20250508,300,58
daily,556,QL2,RC,*,RC,1,1,0,20250507,2200,20250508,300,1,45,SK,all,daily,0,630,,active,1,Mastersubscriptions2May2025.csv,33961,1,20250507,2200,20250508,300,268
daily,557,QL2,RC,*,RC,1,1,0,20250507,2200,20250508,300,1,45,SK,all,daily,0,630,,active,1,Mastersubscriptions2May2025.csv,33961,1,20250507,2200,20250508,300,268
daily,558,QL2,RC,*,RC,1,1,0,20250508,2200,20250509,300,1,45,SK,all,daily,0,630,,active,1,Mastersubscriptions2May2025.csv,33961,1,20250508,2200,20250509,300,56
daily,559,QL2,RC,*,RC,1,1,0,20250508,2200,20250509,300,1,45,SK,all,daily,0,630,,active,1,Mastersubscriptions2May2025.csv,33961,1,20250508,2200,20250509,300,268
daily,560,QL2,RC,*,RC,1,1,0,20250508,2200,20250509,300,1,45,SK,all,daily,0,630,,active,1,Mastersubscriptions2May2025.csv,33961,1,20250508,2200,20250509,300,268
daily,561,QL2Vacations,Priceline,*,Priceline,1,1,0,20250509,500,20250509,500,1,53,WNVacations,vacation-HA-Priceline,daily,0,2359,,active,1,Priceline-H+A-FullVolumeShallowCrawlTest05012025-m.csv,33951,1,20250509,500,20250509,500,18227
daily,562,TP,1G,*,GDS,1,1,0,20250507,2200,20250508,300,1,45,SK,all,daily,0,630,,active,1,Mastersubscriptions3V-IC-24apr25.csv,33426,1,20250507,2200,20250508,300,13710
daily,562,TP,1G,*,LO_GDS,1,1,0,20250507,2200,20250508,300,1,45,SK,all,daily,0,630,,active,1,Mastersubscriptions3V-IC-24apr25.csv,33426,1,20250507,2200,20250508,300,340
daily,562,TP,1G,*,DY,3,1,0,20250507,2200,20250508,300,1,45,SK,all,daily,0,630,,active,1,Mastersubscriptions2May2025.csv,33961,1,20250507,2200,20250508,300,34194
daily,562,TP,1G,*,DY,3,1,0,20250507,2200,20250508,300,1,110,SK,SAS-DY-SK,daily,9,1059,,active,1,Subscription3VDomesticNOSE9AM.csv,33539,1,20250507,2200,20250508,900,705
daily,562,TP,1G,*,DY,3,1,0,20250507,2200,20250508,300,2,45,SK,all,daily,0,630,,active,1,Mastersubscriptions2May2025.csv,33961,1,20250507,2200,20250508,300,705
daily,562,TP,1G,*,DL,2,1,0,20250507,2200,20250508,300,1,103,SK,DP,daily,0,630,,active,1,DPsubscriptions2May2025.csv,33962,1,20250507,2200,20250508,300,57050
daily,562,TP,1G,*,DL,2,1,0,20250507,2200,20250508,300,2,45,SK,all,daily,0,630,,active,1,Mastersubscriptions3V-IC-24apr25.csv,33426,1,20250507,2200,20250508,300,244
daily,563,TP,1G,*,DL,2,1,0,20250508,500,20250508,500,1,32,AA,Miles_Evening,daily,0,2359,,active,1,AA_M2.csv,32385,1,20250508,500,20250508,500,13856
daily,563,TP,1G,*,GDS,1,1,0,20250508,500,20250508,1000,1,83,WN,WN_detailed,daily,0,600,,active,1,WN_GET_GDS_AA_20241009.csv,23478,1,20250508,500,20250508,1000,341805
daily,563,TP,1G,*,GDS,1,1,0,20250508,500,20250508,1000,2,64,WN,WN_aggregated,daily,0,600,,active,1,WN_GET_GDS_AA_20241009.csv,23478,1,20250508,500,20250508,1000,341805
daily,563,TP,1G,*,DL,2,1,0,20250508,500,20250508,1000,1,33,AA,Overnight,daily,0,600,,active,1,AA_A1.csv,32335,1,20250508,500,20250508,1000,8496
daily,563,TP,1G,*,GDS,1,1,0,20250508,500,20250508,1000,1,38,AA,GDS,daily,0,600,,active,1,AA_GDS.csv,28229,1,20250508,500,20250508,1000,536
daily,563,TP,1G,*,DL,2,1,0,20250508,400,20250508,800,1,40,B6,Overnight,daily,0,500,,active,1,B6.csv,33706,1,20250508,400,20250508,800,20530
daily,563,TP,1G,*,GDS,1,1,0,20250508,400,20250508,800,1,40,B6,Overnight,daily,0,500,,active,1,B6.csv,33706,1,20250508,400,20250508,800,1458
daily,564,TP,1G,*,GDS,1,1,0,20250508,500,20250508,1000,1,83,WN,WN_detailed,daily,0,600,,active,1,WN_GET_GDS_AA_20241009.csv,23478,1,20250508,500,20250508,1000,459588
daily,564,TP,1G,*,GDS,1,1,0,20250508,500,20250508,1000,2,64,WN,WN_aggregated,daily,0,600,,active,1,WN_GET_GDS_AA_20241009.csv,23478,1,20250508,500,20250508,1000,459588
daily,564,TP,1G,*,GDS,1,1,0,20250508,500,20250508,1000,1,38,AA,GDS,daily,0,600,,active,1,AA_GDS.csv,28229,1,20250508,500,20250508,1000,219822
daily,564,TP,1G,*,DL,2,1,0,20250508,500,20250508,1000,1,108,AA,AA_B6,daily,0,600,,active,1,AA_B6_22APR2025.csv,33336,1,20250508,500,20250508,1000,10980
daily,564,TP,1G,*,DL,2,1,0,20250508,500,20250508,1000,1,102,AA,AA_CanadaAlaskaHawaii,daily,0,600,,active,1,AA_CAH.csv,30730,1,20250508,500,20250508,1000,1400
daily,564,TP,1G,*,DL,2,1,0,20250508,500,20250508,1000,1,33,AA,Overnight,daily,0,600,,active,1,AA_B2.csv,31919,1,20250508,500,20250508,1000,200
daily,564,TP,1G,*,DL,2,1,0,20250508,500,20250508,1000,1,33,AA,Overnight,daily,0,600,,active,1,AA_A1.csv,32335,1,20250508,500,20250508,1000,6372
daily,564,TP,1G,*,GDS,1,1,0,20250508,500,20250508,1000,1,39,AA,AA_UK,daily,0,600,,active,1,AA_UK.csv,442,1,20250508,500,20250508,1000,96
daily,564,TP,1G,*,DL,2,1,0,20250508,400,20250508,800,1,40,B6,Overnight,daily,0,500,,active,1,B6.csv,33706,1,20250508,400,20250508,800,16984
daily,564,TP,1G,*,GDS,1,1,0,20250508,400,20250508,800,1,40,B6,Overnight,daily,0,500,,active,1,B6.csv,33706,1,20250508,400,20250508,800,558
daily,565,TP,1G,*,DL,2,1,0,20250508,700,20250508,1000,1,44,AS,Afternoon,daily,0,1600,,active,1,AS_Daily_20250423.csv,33380,1,20250508,700,20250508,2200,2901
daily,565,TP,1G,*,DL,2,1,0,20250508,700,20250508,1000,2,108,AA,AA_B6,daily,0,600,,active,1,AA_CORE.csv,31699,1,20250508,500,20250508,1000,2161
daily,565,TP,1G,*,DL,2,1,0,20250508,700,20250508,1000,2,108,AA,AA_B6,daily,0,600,,active,1,AA_B6_22APR2025.csv,33336,1,20250508,500,20250508,1000,740
daily,565,TP,1G,*,GDS,1,1,0,20250508,500,20250508,1000,1,38,AA,GDS,daily,0,600,,active,1,AA_GDS.csv,28229,1,20250508,500,20250508,1000,403087
daily,565,TP,1G,*,GDS,1,1,0,20250508,500,20250508,1000,1,83,WN,WN_detailed,daily,0,600,,active,1,WN_GET_GDS_AA_20241009.csv,23478,1,20250508,500,20250508,1000,251168
daily,565,TP,1G,*,GDS,1,1,0,20250508,500,20250508,1000,2,64,WN,WN_aggregated,daily,0,600,,active,1,WN_GET_GDS_AA_20241009.csv,23478,1,20250508,500,20250508,1000,251168
daily,565,TP,1G,*,DL,2,1,0,20250508,500,20250508,1000,1,108,AA,AA_B6,daily,0,600,,active,1,AA_CORE.csv,31699,1,20250508,500,20250508,1000,28998
daily,565,TP,1G,*,DL,2,1,0,20250508,500,20250508,1000,1,33,AA,Overnight,daily,0,600,,active,1,AA_A1.csv,32335,1,20250508,500,20250508,1000,6372
daily,565,TP,1G,*,DL,2,1,0,20250508,500,20250508,1000,1,102,AA,AA_CanadaAlaskaHawaii,daily,0,600,,active,1,AA_CAH.csv,30730,1,20250508,500,20250508,1000,1512
daily,565,TP,1G,*,DL,2,1,0,20250508,500,20250508,1000,1,108,AA,AA_B6,daily,0,600,,active,1,AA_B6_22APR2025.csv,33336,1,20250508,500,20250508,1000,3784
daily,565,TP,1G,*,DL,2,1,0,20250508,500,20250508,1000,1,33,AA,Overnight,daily,0,600,,active,1,AA_B2.csv,31919,1,20250508,500,20250508,1000,480
daily,565,TP,1G,*,GDS,1,1,0,20250508,500,20250508,1000,1,47,Advito,Overnight,daily,0,850,,active,1,AFP 3victors scope_Feb 2025.csv,30052,1,20250508,400,20250508,1300,2
daily,565,TP,1G,*,GDS,1,1,0,20250508,500,20250508,1000,2,38,AA,GDS,daily,0,600,,active,1,AA_GDS.csv,28229,1,20250508,500,20250508,1000,2
daily,565,TP,1G,*,GDS,1,1,0,20250508,500,20250508,1000,1,39,AA,AA_UK,daily,0,600,,active,1,AA_UK.csv,442,1,20250508,500,20250508,1000,96
daily,565,TP,1G,*,DL,2,1,0,20250508,400,20250508,800,1,40,B6,Overnight,daily,0,500,,active,1,B6.csv,33706,1,20250508,400,20250508,800,16318
daily,565,TP,1G,*,GDS,1,1,0,20250508,400,20250508,800,1,40,B6,Overnight,daily,0,500,,active,1,B6.csv,33706,1,20250508,400,20250508,800,540
daily,565,TP,1G,*,DL,2,1,0,20250508,700,20250508,700,1,60,GJ,AI_site_tests,daily,0,2359,,active,1,6_sites_ai_TEST_2023-03-30.csv,477,1,20250508,700,20250508,700,146
daily,565,TP,1G,*,DL,2,1,0,20250508,700,20250508,700,2,40,B6,Overnight,daily,0,500,,active,1,B6.csv,33706,1,20250508,400,20250508,800,58
daily,566,TP,1G,*,DL,2,1,0,20250508,700,20250508,1000,1,44,AS,Afternoon,daily,0,1600,,active,1,AS_Daily_20250423.csv,33380,1,20250508,700,20250508,2200,2468
daily,566,TP,1G,*,DL,2,1,0,20250508,700,20250508,1000,2,108,AA,AA_B6,daily,0,600,,active,1,AA_CORE.csv,31699,1,20250508,500,20250508,1000,2468
daily,566,TP,1G,*,GDS,1,1,0,20250508,500,20250508,1000,1,83,WN,WN_detailed,daily,0,600,,active,1,WN_GET_GDS_AA_20241009.csv,23478,1,20250508,500,20250508,1000,176295
daily,566,TP,1G,*,GDS,1,1,0,20250508,500,20250508,1000,2,64,WN,WN_aggregated,daily,0,600,,active,1,WN_GET_GDS_AA_20241009.csv,23478,1,20250508,500,20250508,1000,176295
daily,566,TP,1G,*,GDS,1,1,0,20250508,500,20250508,1000,1,38,AA,GDS,daily,0,600,,active,1,AA_GDS.csv,28229,1,20250508,500,20250508,1000,312471
daily,566,TP,1G,*,DL,2,1,0,20250508,500,20250508,1000,1,108,AA,AA_B6,daily,0,600,,active,1,AA_B6_22APR2025.csv,33336,1,20250508,500,20250508,1000,1596
daily,566,TP,1G,*,DL,2,1,0,20250508,500,20250508,1000,1,33,AA,Overnight,daily,0,600,,active,1,AA_A1.csv,32335,1,20250508,500,20250508,1000,4956
daily,566,TP,1G,*,DL,2,1,0,20250508,500,20250508,1000,1,108,AA,AA_B6,daily,0,600,,active,1,AA_CORE.csv,31699,1,20250508,500,20250508,1000,23620
daily,566,TP,1G,*,DL,2,1,0,20250508,500,20250508,1000,1,102,AA,AA_CanadaAlaskaHawaii,daily,0,600,,active,1,AA_CAH.csv,30730,1,20250508,500,20250508,1000,1008
daily,566,TP,1G,*,DL,2,1,0,20250508,500,20250508,1000,1,33,AA,Overnight,daily,0,600,,active,1,AA_B2.csv,31919,1,20250508,500,20250508,1000,360
daily,566,TP,1G,*,GDS,1,1,0,20250508,500,20250508,1000,1,47,Advito,Overnight,daily,0,850,,active,1,AFP 3victors scope_Feb 2025.csv,30052,1,20250508,400,20250508,1300,3
daily,566,TP,1G,*,GDS,1,1,0,20250508,500,20250508,1000,2,38,AA,GDS,daily,0,600,,active,1,AA_GDS.csv,28229,1,20250508,500,20250508,1000,3
daily,566,TP,1G,*,GDS,1,1,0,20250508,500,20250508,1000,1,39,AA,AA_UK,daily,0,600,,active,1,AA_UK.csv,442,1,20250508,500,20250508,1000,516
daily,566,TP,1G,*,GDS,1,1,0,20250508,400,20250508,800,1,40,B6,Overnight,daily,0,500,,active,1,B6.csv,33706,1,20250508,400,20250508,800,702
daily,566,TP,1G,*,DL,2,1,0,20250508,400,20250508,800,1,40,B6,Overnight,daily,0,500,,active,1,B6.csv,33706,1,20250508,400,20250508,800,12005
daily,567,TP,1G,*,DL,2,1,0,20250508,700,20250508,1000,1,44,AS,Afternoon,daily,0,1600,,active,1,AS_Daily_20250423.csv,33380,1,20250508,700,20250508,2200,2500
daily,567,TP,1G,*,DL,2,1,0,20250508,700,20250508,1000,2,108,AA,AA_B6,daily,0,600,,active,1,AA_CORE.csv,31699,1,20250508,500,20250508,1000,2500
daily,567,TP,1G,*,GDS,1,1,0,20250508,500,20250508,1000,1,38,AA,GDS,daily,0,600,,active,1,AA_GDS.csv,28229,1,20250508,500,20250508,1000,318548
daily,567,TP,1G,*,GDS,1,1,0,20250508,500,20250508,1000,1,83,WN,WN_detailed,daily,0,600,,active,1,WN_GET_GDS_AA_20241009.csv,23478,1,20250508,500,20250508,1000,179859
daily,567,TP,1G,*,GDS,1,1,0,20250508,500,20250508,1000,2,64,WN,WN_aggregated,daily,0,600,,active,1,WN_GET_GDS_AA_20241009.csv,23478,1,20250508,500,20250508,1000,179859
daily,567,TP,1G,*,DL,2,1,0,20250508,500,20250508,1000,1,102,AA,AA_CanadaAlaskaHawaii,daily,0,600,,active,1,AA_CAH.csv,30730,1,20250508,500,20250508,1000,1064
daily,567,TP,1G,*,DL,2,1,0,20250508,500,20250508,1000,1,108,AA,AA_B6,daily,0,600,,active,1,AA_CORE.csv,31699,1,20250508,500,20250508,1000,24814
daily,567,TP,1G,*,DL,2,1,0,20250508,500,20250508,1000,1,108,AA,AA_B6,daily,0,600,,active,1,AA_B6_22APR2025.csv,33336,1,20250508,500,20250508,1000,1938
daily,567,TP,1G,*,DL,2,1,0,20250508,500,20250508,1000,1,33,AA,Overnight,daily,0,600,,active,1,AA_B2.csv,31919,1,20250508,500,20250508,1000,380
daily,567,TP,1G,*,DL,2,1,0,20250508,500,20250508,1000,1,33,AA,Overnight,daily,0,600,,active,1,AA_A1.csv,32335,1,20250508,500,20250508,1000,6372
daily,567,TP,1G,*,GDS,1,1,0,20250508,500,20250508,1000,1,47,Advito,Overnight,daily,0,850,,active,1,AFP 3victors scope_Feb 2025.csv,30052,1,20250508,400,20250508,1300,9
daily,567,TP,1G,*,GDS,1,1,0,20250508,500,20250508,1000,2,38,AA,GDS,daily,0,600,,active,1,AA_GDS.csv,28229,1,20250508,500,20250508,1000,9
daily,567,TP,1G,*,GDS,1,1,0,20250508,500,20250508,1000,1,39,AA,AA_UK,daily,0,600,,active,1,AA_UK.csv,442,1,20250508,500,20250508,1000,516
daily,568,TP,1G,*,DL,2,1,0,20250508,700,20250508,1000,1,44,AS,Afternoon,daily,0,1600,,active,1,AS_Daily_20250423.csv,33380,1,20250508,700,20250508,2200,4471
daily,568,TP,1G,*,DL,2,1,0,20250508,700,20250508,1000,2,108,AA,AA_B6,daily,0,600,,active,1,AA_CORE.csv,31699,1,20250508,500,20250508,1000,4471
daily,568,TP,1G,*,GDS,1,1,0,20250508,500,20250508,1000,1,38,AA,GDS,daily,0,600,,active,1,AA_GDS.csv,28229,1,20250508,500,20250508,1000,556132
daily,568,TP,1G,*,GDS,1,1,0,20250508,500,20250508,1000,1,83,WN,WN_detailed,daily,0,600,,active,1,WN_GET_GDS_AA_20241009.csv,23478,1,20250508,500,20250508,1000,304993
daily,568,TP,1G,*,GDS,1,1,0,20250508,500,20250508,1000,2,64,WN,WN_aggregated,daily,0,600,,active,1,WN_GET_GDS_AA_20241009.csv,23478,1,20250508,500,20250508,1000,304993
daily,568,TP,1G,*,GDS,1,1,0,20250508,500,20250508,1000,1,39,AA,AA_UK,daily,0,600,,active,1,AA_UK.csv,442,1,20250508,500,20250508,1000,2580
daily,568,TP,1G,*,GDS,1,1,0,20250508,500,20250508,1000,1,47,Advito,Overnight,daily,0,850,,active,1,AFP 3victors scope_Feb 2025.csv,30052,1,20250508,400,20250508,1300,78
daily,568,TP,1G,*,GDS,1,1,0,20250508,500,20250508,1000,2,38,AA,GDS,daily,0,600,,active,1,AA_GDS.csv,28229,1,20250508,500,20250508,1000,78
daily,568,TP,1G,*,DL,2,1,0,20250508,500,20250508,1000,1,108,AA,AA_B6,daily,0,600,,active,1,AA_CORE.csv,31699,1,20250508,500,20250508,1000,20712
daily,568,TP,1G,*,DL,2,1,0,20250508,500,20250508,1000,1,108,AA,AA_B6,daily,0,600,,active,1,AA_B6_22APR2025.csv,33336,1,20250508,500,20250508,1000,1612
daily,568,TP,1G,*,DL,2,1,0,20250508,500,20250508,1000,1,102,AA,AA_CanadaAlaskaHawaii,daily,0,600,,active,1,AA_CAH.csv,30730,1,20250508,500,20250508,1000,887
daily,568,TP,1G,*,DL,2,1,0,20250508,500,20250508,1000,1,33,AA,Overnight,daily,0,600,,active,1,AA_B2.csv,31919,1,20250508,500,20250508,1000,287
daily,568,TP,1G,*,DL,2,1,0,20250508,500,20250508,1000,1,33,AA,Overnight,daily,0,600,,active,1,AA_A1.csv,32335,1,20250508,500,20250508,1000,4248
daily,569,TP,1G,*,GDS,1,1,0,20250508,1000,20250508,1100,1,106,SmarterTravel,SmarterTravelDaily,daily,600,800,,active,1,20250311_10Market_Test.csv,31392,1,20250508,1000,20250508,1100,610
daily,570,TP,1G,*,GDS,1,1,0,20250508,400,20250508,1300,1,47,Advito,Overnight,daily,0,850,,active,1,AFP 3victors scope_Feb 2025.csv,30052,1,20250508,400,20250508,1300,85700
daily,571,TP,1G,*,GDS,1,1,0,20250508,2200,20250509,300,1,45,SK,all,daily,0,630,,active,1,Mastersubscriptions3V-IC-24apr25.csv,33426,1,20250508,2200,20250509,300,13698
daily,571,TP,1G,*,LO_GDS,1,1,0,20250508,2200,20250509,300,1,45,SK,all,daily,0,630,,active,1,Mastersubscriptions3V-IC-24apr25.csv,33426,1,20250508,2200,20250509,300,340
daily,571,TP,1G,*,DY,3,1,0,20250508,2200,20250509,300,1,45,SK,all,daily,0,630,,active,1,Mastersubscriptions2May2025.csv,33961,1,20250508,2200,20250509,300,16888
daily,571,TP,1G,*,DY,3,1,0,20250508,2200,20250509,300,1,110,SK,SAS-DY-SK,daily,9,1059,,active,1,Subscription3VDomesticNOSE9AM.csv,33539,1,20250508,2200,20250509,900,418
daily,571,TP,1G,*,DY,3,1,0,20250508,2200,20250509,300,2,45,SK,all,daily,0,630,,active,1,Mastersubscriptions2May2025.csv,33961,1,20250508,2200,20250509,300,418
daily,571,TP,1G,*,DL,2,1,0,20250508,2200,20250509,300,1,103,SK,DP,daily,0,630,,active,1,DPsubscriptions2May2025.csv,33962,1,20250508,2200,20250509,300,46910
daily,571,TP,1G,*,DL,2,1,0,20250508,2200,20250509,300,2,45,SK,all,daily,0,630,,active,1,Mastersubscriptions3V-IC-24apr25.csv,33426,1,20250508,2200,20250509,300,201
daily,572,TP,1G,*,DL,2,1,0,20250509,500,20250509,500,1,32,AA,Miles_Evening,daily,0,2359,,active,1,AA_M2.csv,32385,1,20250509,500,20250509,500,13856
daily,572,TP,1G,*,GDS,1,1,0,20250509,500,20250509,1000,1,83,WN,WN_detailed,daily,0,600,,active,1,WN_GET_GDS_AA_20241009.csv,23478,1,20250509,500,20250509,1000,341805
daily,572,TP,1G,*,GDS,1,1,0,20250509,500,20250509,1000,2,64,WN,WN_aggregated,daily,0,600,,active,1,WN_GET_GDS_AA_20241009.csv,23478,1,20250509,500,20250509,1000,341805
daily,572,TP,1G,*,DL,2,1,0,20250509,500,20250509,1000,1,33,AA,Overnight,daily,0,600,,active,1,AA_A1.csv,32335,1,20250509,500,20250509,1000,8496
daily,572,TP,1G,*,GDS,1,1,0,20250509,500,20250509,1000,1,38,AA,GDS,daily,0,600,,active,1,AA_GDS.csv,28229,1,20250509,500,20250509,1000,536
daily,572,TP,1G,*,DL,2,1,0,20250509,400,20250509,800,1,40,B6,Overnight,daily,0,500,,active,1,B6.csv,33706,1,20250509,400,20250509,800,20530
daily,572,TP,1G,*,GDS,1,1,0,20250509,400,20250509,800,1,40,B6,Overnight,daily,0,500,,active,1,B6.csv,33706,1,20250509,400,20250509,800,1458
daily,573,TP,1G,*,GDS,1,1,0,20250509,500,20250509,1000,1,38,AA,GDS,daily,0,600,,active,1,AA_GDS.csv,28229,1,20250509,500,20250509,1000,219824
daily,573,TP,1G,*,GDS,1,1,0,20250509,500,20250509,1000,1,83,WN,WN_detailed,daily,0,600,,active,1,WN_GET_GDS_AA_20241009.csv,23478,1,20250509,500,20250509,1000,459586
daily,573,TP,1G,*,GDS,1,1,0,20250509,500,20250509,1000,2,64,WN,WN_aggregated,daily,0,600,,active,1,WN_GET_GDS_AA_20241009.csv,23478,1,20250509,500,20250509,1000,459586
daily,573,TP,1G,*,DL,2,1,0,20250509,500,20250509,1000,1,108,AA,AA_B6,daily,0,600,,active,1,AA_B6_22APR2025.csv,33336,1,20250509,500,20250509,1000,10980
daily,573,TP,1G,*,DL,2,1,0,20250509,500,20250509,1000,1,102,AA,AA_CanadaAlaskaHawaii,daily,0,600,,active,1,AA_CAH.csv,30730,1,20250509,500,20250509,1000,1400
daily,573,TP,1G,*,DL,2,1,0,20250509,500,20250509,1000,1,33,AA,Overnight,daily,0,600,,active,1,AA_B2.csv,31919,1,20250509,500,20250509,1000,200
daily,573,TP,1G,*,DL,2,1,0,20250509,500,20250509,1000,1,33,AA,Overnight,daily,0,600,,active,1,AA_A1.csv,32335,1,20250509,500,20250509,1000,6372
daily,573,TP,1G,*,GDS,1,1,0,20250509,500,20250509,1000,1,39,AA,AA_UK,daily,0,600,,active,1,AA_UK.csv,442,1,20250509,500,20250509,1000,96
daily,573,TP,1G,*,DL,2,1,0,20250509,400,20250509,800,1,40,B6,Overnight,daily,0,500,,active,1,B6.csv,33706,1,20250509,400,20250509,800,16984
daily,573,TP,1G,*,GDS,1,1,0,20250509,400,20250509,800,1,40,B6,Overnight,daily,0,500,,active,1,B6.csv,33706,1,20250509,400,20250509,800,558
daily,575,TP,1G,*,DL,2,1,0,20250509,700,20250509,1000,1,44,AS,Afternoon,daily,0,1600,,active,1,AS_Daily_20250423.csv,33380,1,20250509,700,20250509,2200,2468
daily,575,TP,1G,*,DL,2,1,0,20250509,700,20250509,1000,2,108,AA,AA_B6,daily,0,600,,active,1,AA_CORE.csv,31699,1,20250509,500,20250509,1000,2468
daily,575,TP,1G,*,GDS,1,1,0,20250509,500,20250509,1000,1,83,WN,WN_detailed,daily,0,600,,active,1,WN_GET_GDS_AA_20241009.csv,23478,1,20250509,500,20250509,1000,176278
daily,575,TP,1G,*,GDS,1,1,0,20250509,500,20250509,1000,2,64,WN,WN_aggregated,daily,0,600,,active,1,WN_GET_GDS_AA_20241009.csv,23478,1,20250509,500,20250509,1000,176278
daily,575,TP,1G,*,GDS,1,1,0,20250509,500,20250509,1000,1,38,AA,GDS,daily,0,600,,active,1,AA_GDS.csv,28229,1,20250509,500,20250509,1000,312488
daily,575,TP,1G,*,DL,2,1,0,20250509,500,20250509,1000,1,33,AA,Overnight,daily,0,600,,active,1,AA_A1.csv,32335,1,20250509,500,20250509,1000,4956
daily,575,TP,1G,*,DL,2,1,0,20250509,500,20250509,1000,1,108,AA,AA_B6,daily,0,600,,active,1,AA_CORE.csv,31699,1,20250509,500,20250509,1000,23620
daily,575,TP,1G,*,DL,2,1,0,20250509,500,20250509,1000,1,108,AA,AA_B6,daily,0,600,,active,1,AA_B6_22APR2025.csv,33336,1,20250509,500,20250509,1000,1596
daily,575,TP,1G,*,DL,2,1,0,20250509,500,20250509,1000,1,102,AA,AA_CanadaAlaskaHawaii,daily,0,600,,active,1,AA_CAH.csv,30730,1,20250509,500,20250509,1000,1008
daily,575,TP,1G,*,DL,2,1,0,20250509,500,20250509,1000,1,33,AA,Overnight,daily,0,600,,active,1,AA_B2.csv,31919,1,20250509,500,20250509,1000,360
daily,575,TP,1G,*,GDS,1,1,0,20250509,500,20250509,1000,1,47,Advito,Overnight,daily,0,850,,active,1,AFP 3victors scope_Feb 2025.csv,30052,1,20250509,400,20250509,1300,3
daily,575,TP,1G,*,GDS,1,1,0,20250509,500,20250509,1000,2,38,AA,GDS,daily,0,600,,active,1,AA_GDS.csv,28229,1,20250509,500,20250509,1000,3
daily,575,TP,1G,*,GDS,1,1,0,20250509,500,20250509,1000,1,39,AA,AA_UK,daily,0,600,,active,1,AA_UK.csv,442,1,20250509,500,20250509,1000,516
daily,575,TP,1G,*,GDS,1,1,0,20250509,400,20250509,800,1,40,B6,Overnight,daily,0,500,,active,1,B6.csv,33706,1,20250509,400,20250509,800,702
daily,575,TP,1G,*,DL,2,1,0,20250509,400,20250509,800,1,40,B6,Overnight,daily,0,500,,active,1,B6.csv,33706,1,20250509,400,20250509,800,12005
daily,578,TP,1G,*,GDS,1,1,0,20250509,1000,20250509,1100,1,106,SmarterTravel,SmarterTravelDaily,daily,600,800,,active,1,20250311_10Market_Test.csv,31392,1,20250509,1000,20250509,1100,610
daily,581,Ingest-Southwest,WN,*,WN,1,1,0,20250508,500,20250508,500,1,91,AA,WN_Daily,daily,0,2359,,active,1,AA_WN_09DEC2024 (1).csv,26409,1,20250508,500,20250508,500,7200
daily,582,Ingest-Southwest,WN,*,WN,1,1,0,20250508,700,20250508,800,1,107,ADB,DL_Test,daily,0,1230,,active,1,DL_POC_2.csv,31559,1,20250508,700,20250508,1800,3420
daily,582,Ingest-Southwest,WN,*,WN,1,1,0,20250508,700,20250508,800,2,111,DL,DL_POC_2,daily,0,530,,active,1,DL_POC_2.csv,31647,1,20250508,400,20250508,800,3178
daily,582,Ingest-Southwest,WN,*,WN,1,1,0,20250508,700,20250508,800,2,104,UA,UA_WN,daily,0,900,,active,1,UA_WN_0312.csv,31364,1,20250508,500,20250508,1300,242
daily,582,Ingest-Southwest,WN,*,WN,1,1,0,20250508,700,20250508,800,3,111,DL,DL_POC_2,daily,0,530,,active,1,DL_POC_2.csv,31647,1,20250508,400,20250508,800,242
daily,583,Ingest-Southwest,WN,*,WN,1,1,0,20250508,400,20250508,900,1,99,DL,WN_POC,daily,0,630,,active,1,DL WN POC.csv,29721,1,20250508,400,20250508,900,5082
